filenames,animate,body_parts,human,mammal,non_mammal,inanimate,natural,food,fruit,vegetable,other_food,plants,other_natural,artificial,artificial_small,tools,artificial_small_other,artificial_large,furniture,vehicles,outside_large,cat_id
mouth_01b.jpg,1,1,1,0,0,0,0,0,0,0,0,0,0,0,0,0,0,0,0,0,0,77
mouth_02s.jpg,1,1,1,0,0,0,0,0,0,0,0,0,0,0,0,0,0,0,0,0,0,77
mouth_03s.jpg,1,1,1,0,0,0,0,0,0,0,0,0,0,0,0,0,0,0,0,0,0,77
mouth_04s.jpg,1,1,1,0,0,0,0,0,0,0,0,0,0,0,0,0,0,0,0,0,0,77
mouth_05s.jpg,1,1,1,0,0,0,0,0,0,0,0,0,0,0,0,0,0,0,0,0,0,77
mouth_06s.jpg,1,1,1,0,0,0,0,0,0,0,0,0,0,0,0,0,0,0,0,0,0,77
mouth_07s.jpg,1,1,1,0,0,0,0,0,0,0,0,0,0,0,0,0,0,0,0,0,0,77
mouth_08s.jpg,1,1,1,0,0,0,0,0,0,0,0,0,0,0,0,0,0,0,0,0,0,77
mouth_09s.jpg,1,1,1,0,0,0,0,0,0,0,0,0,0,0,0,0,0,0,0,0,0,77
mouth_10s.jpg,1,1,1,0,0,0,0,0,0,0,0,0,0,0,0,0,0,0,0,0,0,77
leg_01b.jpg,1,1,1,0,0,0,0,0,0,0,0,0,0,0,0,0,0,0,0,0,0,70
leg_02s.jpg,1,1,1,0,0,0,0,0,0,0,0,0,0,0,0,0,0,0,0,0,0,70
leg_03s.jpg,1,1,1,0,0,0,0,0,0,0,0,0,0,0,0,0,0,0,0,0,0,70
leg_04s.jpg,1,1,1,0,0,0,0,0,0,0,0,0,0,0,0,0,0,0,0,0,0,70
leg_05s.jpg,1,1,1,0,0,0,0,0,0,0,0,0,0,0,0,0,0,0,0,0,0,70
leg_06s.jpg,1,1,1,0,0,0,0,0,0,0,0,0,0,0,0,0,0,0,0,0,0,70
leg_08s.jpg,1,1,1,0,0,0,0,0,0,0,0,0,0,0,0,0,0,0,0,0,0,70
leg_09s.jpg,1,1,1,0,0,0,0,0,0,0,0,0,0,0,0,0,0,0,0,0,0,70
leg_11s.jpg,1,1,1,0,0,0,0,0,0,0,0,0,0,0,0,0,0,0,0,0,0,70
leg_12s.jpg,1,1,1,0,0,0,0,0,0,0,0,0,0,0,0,0,0,0,0,0,0,70
hand_01b.jpg,1,1,1,0,0,0,0,0,0,0,0,0,0,0,0,0,0,0,0,0,0,62
hand_02s.jpg,1,1,1,0,0,0,0,0,0,0,0,0,0,0,0,0,0,0,0,0,0,62
hand_03s.jpg,1,1,1,0,0,0,0,0,0,0,0,0,0,0,0,0,0,0,0,0,0,62
hand_04s.jpg,1,1,1,0,0,0,0,0,0,0,0,0,0,0,0,0,0,0,0,0,0,62
hand_05s.jpg,1,1,1,0,0,0,0,0,0,0,0,0,0,0,0,0,0,0,0,0,0,62
hand_06s.jpg,1,1,1,0,0,0,0,0,0,0,0,0,0,0,0,0,0,0,0,0,0,62
hand_07s.jpg,1,1,1,0,0,0,0,0,0,0,0,0,0,0,0,0,0,0,0,0,0,62
hand_08s.jpg,1,1,1,0,0,0,0,0,0,0,0,0,0,0,0,0,0,0,0,0,0,62
hand_10s.jpg,1,1,1,0,0,0,0,0,0,0,0,0,0,0,0,0,0,0,0,0,0,62
hand_11s.jpg,1,1,1,0,0,0,0,0,0,0,0,0,0,0,0,0,0,0,0,0,0,62
elbow_01b.jpg,1,1,1,0,0,0,0,0,0,0,0,0,0,0,0,0,0,0,0,0,0,53
elbow_02s.jpg,1,1,1,0,0,0,0,0,0,0,0,0,0,0,0,0,0,0,0,0,0,53
elbow_03s.jpg,1,1,1,0,0,0,0,0,0,0,0,0,0,0,0,0,0,0,0,0,0,53
elbow_05s.jpg,1,1,1,0,0,0,0,0,0,0,0,0,0,0,0,0,0,0,0,0,0,53
elbow_06s.jpg,1,1,1,0,0,0,0,0,0,0,0,0,0,0,0,0,0,0,0,0,0,53
elbow_08s.jpg,1,1,1,0,0,0,0,0,0,0,0,0,0,0,0,0,0,0,0,0,0,53
elbow_09s.jpg,1,1,1,0,0,0,0,0,0,0,0,0,0,0,0,0,0,0,0,0,0,53
elbow_10s.jpg,1,1,1,0,0,0,0,0,0,0,0,0,0,0,0,0,0,0,0,0,0,53
elbow_11s.jpg,1,1,1,0,0,0,0,0,0,0,0,0,0,0,0,0,0,0,0,0,0,53
elbow_12s.jpg,1,1,1,0,0,0,0,0,0,0,0,0,0,0,0,0,0,0,0,0,0,53
chest1_01b.jpg,1,1,1,0,0,0,0,0,0,0,0,0,0,0,0,0,0,0,0,0,0,40
chest1_02s.jpg,1,1,1,0,0,0,0,0,0,0,0,0,0,0,0,0,0,0,0,0,0,40
chest1_03s.jpg,1,1,1,0,0,0,0,0,0,0,0,0,0,0,0,0,0,0,0,0,0,40
chest1_04s.jpg,1,1,1,0,0,0,0,0,0,0,0,0,0,0,0,0,0,0,0,0,0,40
chest1_05s.jpg,1,1,1,0,0,0,0,0,0,0,0,0,0,0,0,0,0,0,0,0,0,40
chest1_06s.jpg,1,1,1,0,0,0,0,0,0,0,0,0,0,0,0,0,0,0,0,0,0,40
chest1_08s.jpg,1,1,1,0,0,0,0,0,0,0,0,0,0,0,0,0,0,0,0,0,0,40
chest1_10s.jpg,1,1,1,0,0,0,0,0,0,0,0,0,0,0,0,0,0,0,0,0,0,40
chest1_11s.jpg,1,1,1,0,0,0,0,0,0,0,0,0,0,0,0,0,0,0,0,0,0,40
chest1_12s.jpg,1,1,1,0,0,0,0,0,0,0,0,0,0,0,0,0,0,0,0,0,0,40
arm_02s.jpg,1,1,1,0,0,0,0,0,0,0,0,0,0,0,0,0,0,0,0,0,0,8
arm_03s.jpg,1,1,1,0,0,0,0,0,0,0,0,0,0,0,0,0,0,0,0,0,0,8
arm_04s.jpg,1,1,1,0,0,0,0,0,0,0,0,0,0,0,0,0,0,0,0,0,0,8
arm_05s.jpg,1,1,1,0,0,0,0,0,0,0,0,0,0,0,0,0,0,0,0,0,0,8
arm_06s.jpg,1,1,1,0,0,0,0,0,0,0,0,0,0,0,0,0,0,0,0,0,0,8
arm_07s.jpg,1,1,1,0,0,0,0,0,0,0,0,0,0,0,0,0,0,0,0,0,0,8
arm_08s.jpg,1,1,1,0,0,0,0,0,0,0,0,0,0,0,0,0,0,0,0,0,0,8
arm_09s.jpg,1,1,1,0,0,0,0,0,0,0,0,0,0,0,0,0,0,0,0,0,0,8
arm_11s.jpg,1,1,1,0,0,0,0,0,0,0,0,0,0,0,0,0,0,0,0,0,0,8
arm_12s.jpg,1,1,1,0,0,0,0,0,0,0,0,0,0,0,0,0,0,0,0,0,0,8
ankle_01b.jpg,1,1,1,0,0,0,0,0,0,0,0,0,0,0,0,0,0,0,0,0,0,5
ankle_02s.jpg,1,1,1,0,0,0,0,0,0,0,0,0,0,0,0,0,0,0,0,0,0,5
ankle_03s.jpg,1,1,1,0,0,0,0,0,0,0,0,0,0,0,0,0,0,0,0,0,0,5
ankle_05s.jpg,1,1,1,0,0,0,0,0,0,0,0,0,0,0,0,0,0,0,0,0,0,5
ankle_07s.jpg,1,1,1,0,0,0,0,0,0,0,0,0,0,0,0,0,0,0,0,0,0,5
ankle_08s.jpg,1,1,1,0,0,0,0,0,0,0,0,0,0,0,0,0,0,0,0,0,0,5
ankle_09s.jpg,1,1,1,0,0,0,0,0,0,0,0,0,0,0,0,0,0,0,0,0,0,5
ankle_10s.jpg,1,1,1,0,0,0,0,0,0,0,0,0,0,0,0,0,0,0,0,0,0,5
ankle_11s.jpg,1,1,1,0,0,0,0,0,0,0,0,0,0,0,0,0,0,0,0,0,0,5
ankle_12s.jpg,1,1,1,0,0,0,0,0,0,0,0,0,0,0,0,0,0,0,0,0,0,5
woman_01b.jpg,1,0,1,0,0,0,0,0,0,0,0,0,0,0,0,0,0,0,0,0,0,99
woman_02s.jpg,1,0,1,0,0,0,0,0,0,0,0,0,0,0,0,0,0,0,0,0,0,99
woman_03s.jpg,1,0,1,0,0,0,0,0,0,0,0,0,0,0,0,0,0,0,0,0,0,99
woman_04s.jpg,1,0,1,0,0,0,0,0,0,0,0,0,0,0,0,0,0,0,0,0,0,99
woman_05s.jpg,1,0,1,0,0,0,0,0,0,0,0,0,0,0,0,0,0,0,0,0,0,99
woman_06s.jpg,1,0,1,0,0,0,0,0,0,0,0,0,0,0,0,0,0,0,0,0,0,99
woman_08s.jpg,1,0,1,0,0,0,0,0,0,0,0,0,0,0,0,0,0,0,0,0,0,99
woman_09s.jpg,1,0,1,0,0,0,0,0,0,0,0,0,0,0,0,0,0,0,0,0,0,99
woman_10s.jpg,1,0,1,0,0,0,0,0,0,0,0,0,0,0,0,0,0,0,0,0,0,99
woman_11s.jpg,1,0,1,0,0,0,0,0,0,0,0,0,0,0,0,0,0,0,0,0,0,99
man_01b.jpg,1,0,1,0,0,0,0,0,0,0,0,0,0,0,0,0,0,0,0,0,0,73
man_02s.jpg,1,0,1,0,0,0,0,0,0,0,0,0,0,0,0,0,0,0,0,0,0,73
man_03s.jpg,1,0,1,0,0,0,0,0,0,0,0,0,0,0,0,0,0,0,0,0,0,73
man_05s.jpg,1,0,1,0,0,0,0,0,0,0,0,0,0,0,0,0,0,0,0,0,0,73
man_06s.jpg,1,0,1,0,0,0,0,0,0,0,0,0,0,0,0,0,0,0,0,0,0,73
man_08s.jpg,1,0,1,0,0,0,0,0,0,0,0,0,0,0,0,0,0,0,0,0,0,73
man_09s.jpg,1,0,1,0,0,0,0,0,0,0,0,0,0,0,0,0,0,0,0,0,0,73
man_10s.jpg,1,0,1,0,0,0,0,0,0,0,0,0,0,0,0,0,0,0,0,0,0,73
man_11s.jpg,1,0,1,0,0,0,0,0,0,0,0,0,0,0,0,0,0,0,0,0,0,73
man_12s.jpg,1,0,1,0,0,0,0,0,0,0,0,0,0,0,0,0,0,0,0,0,0,73
baby_01b.jpg,1,0,1,0,0,0,0,0,0,0,0,0,0,0,0,0,0,0,0,0,0,11
baby_02s.jpg,1,0,1,0,0,0,0,0,0,0,0,0,0,0,0,0,0,0,0,0,0,11
baby_03s.jpg,1,0,1,0,0,0,0,0,0,0,0,0,0,0,0,0,0,0,0,0,0,11
baby_04s.jpg,1,0,1,0,0,0,0,0,0,0,0,0,0,0,0,0,0,0,0,0,0,11
baby_05s.jpg,1,0,1,0,0,0,0,0,0,0,0,0,0,0,0,0,0,0,0,0,0,11
baby_06s.jpg,1,0,1,0,0,0,0,0,0,0,0,0,0,0,0,0,0,0,0,0,0,11
baby_08s.jpg,1,0,1,0,0,0,0,0,0,0,0,0,0,0,0,0,0,0,0,0,0,11
baby_09s.jpg,1,0,1,0,0,0,0,0,0,0,0,0,0,0,0,0,0,0,0,0,0,11
baby_11s.jpg,1,0,1,0,0,0,0,0,0,0,0,0,0,0,0,0,0,0,0,0,0,11
baby_12s.jpg,1,0,1,0,0,0,0,0,0,0,0,0,0,0,0,0,0,0,0,0,0,11
zebra_01b.jpg,1,0,0,1,0,0,0,0,0,0,0,0,0,0,0,0,0,0,0,0,0,100
zebra_02s.jpg,1,0,0,1,0,0,0,0,0,0,0,0,0,0,0,0,0,0,0,0,0,100
zebra_03s.jpg,1,0,0,1,0,0,0,0,0,0,0,0,0,0,0,0,0,0,0,0,0,100
zebra_04s.jpg,1,0,0,1,0,0,0,0,0,0,0,0,0,0,0,0,0,0,0,0,0,100
zebra_05s.jpg,1,0,0,1,0,0,0,0,0,0,0,0,0,0,0,0,0,0,0,0,0,100
zebra_06s.jpg,1,0,0,1,0,0,0,0,0,0,0,0,0,0,0,0,0,0,0,0,0,100
zebra_08s.jpg,1,0,0,1,0,0,0,0,0,0,0,0,0,0,0,0,0,0,0,0,0,100
zebra_09s.jpg,1,0,0,1,0,0,0,0,0,0,0,0,0,0,0,0,0,0,0,0,0,100
zebra_10s.jpg,1,0,0,1,0,0,0,0,0,0,0,0,0,0,0,0,0,0,0,0,0,100
zebra_12s.jpg,1,0,0,1,0,0,0,0,0,0,0,0,0,0,0,0,0,0,0,0,0,100
tiger_01b.jpg,1,0,0,1,0,0,0,0,0,0,0,0,0,0,0,0,0,0,0,0,0,93
tiger_02s.jpg,1,0,0,1,0,0,0,0,0,0,0,0,0,0,0,0,0,0,0,0,0,93
tiger_04s.jpg,1,0,0,1,0,0,0,0,0,0,0,0,0,0,0,0,0,0,0,0,0,93
tiger_05s.jpg,1,0,0,1,0,0,0,0,0,0,0,0,0,0,0,0,0,0,0,0,0,93
tiger_06s.jpg,1,0,0,1,0,0,0,0,0,0,0,0,0,0,0,0,0,0,0,0,0,93
tiger_07s.jpg,1,0,0,1,0,0,0,0,0,0,0,0,0,0,0,0,0,0,0,0,0,93
tiger_09s.jpg,1,0,0,1,0,0,0,0,0,0,0,0,0,0,0,0,0,0,0,0,0,93
tiger_10s.jpg,1,0,0,1,0,0,0,0,0,0,0,0,0,0,0,0,0,0,0,0,0,93
tiger_11s.jpg,1,0,0,1,0,0,0,0,0,0,0,0,0,0,0,0,0,0,0,0,0,93
tiger_12n.jpg,1,0,0,1,0,0,0,0,0,0,0,0,0,0,0,0,0,0,0,0,0,93
rabbit_01b.jpg,1,0,0,1,0,0,0,0,0,0,0,0,0,0,0,0,0,0,0,0,0,82
rabbit_02s.jpg,1,0,0,1,0,0,0,0,0,0,0,0,0,0,0,0,0,0,0,0,0,82
rabbit_03s.jpg,1,0,0,1,0,0,0,0,0,0,0,0,0,0,0,0,0,0,0,0,0,82
rabbit_04n.jpg,1,0,0,1,0,0,0,0,0,0,0,0,0,0,0,0,0,0,0,0,0,82
rabbit_05s.jpg,1,0,0,1,0,0,0,0,0,0,0,0,0,0,0,0,0,0,0,0,0,82
rabbit_06s.jpg,1,0,0,1,0,0,0,0,0,0,0,0,0,0,0,0,0,0,0,0,0,82
rabbit_07s.jpg,1,0,0,1,0,0,0,0,0,0,0,0,0,0,0,0,0,0,0,0,0,82
rabbit_10n.jpg,1,0,0,1,0,0,0,0,0,0,0,0,0,0,0,0,0,0,0,0,0,82
rabbit_11s.jpg,1,0,0,1,0,0,0,0,0,0,0,0,0,0,0,0,0,0,0,0,0,82
rabbit_12n.jpg,1,0,0,1,0,0,0,0,0,0,0,0,0,0,0,0,0,0,0,0,0,82
pig_01b.jpg,1,0,0,1,0,0,0,0,0,0,0,0,0,0,0,0,0,0,0,0,0,80
pig_02s.jpg,1,0,0,1,0,0,0,0,0,0,0,0,0,0,0,0,0,0,0,0,0,80
pig_04s.jpg,1,0,0,1,0,0,0,0,0,0,0,0,0,0,0,0,0,0,0,0,0,80
pig_05s.jpg,1,0,0,1,0,0,0,0,0,0,0,0,0,0,0,0,0,0,0,0,0,80
pig_06s.jpg,1,0,0,1,0,0,0,0,0,0,0,0,0,0,0,0,0,0,0,0,0,80
pig_07s.jpg,1,0,0,1,0,0,0,0,0,0,0,0,0,0,0,0,0,0,0,0,0,80
pig_08n.jpg,1,0,0,1,0,0,0,0,0,0,0,0,0,0,0,0,0,0,0,0,0,80
pig_09s.jpg,1,0,0,1,0,0,0,0,0,0,0,0,0,0,0,0,0,0,0,0,0,80
pig_11s.jpg,1,0,0,1,0,0,0,0,0,0,0,0,0,0,0,0,0,0,0,0,0,80
pig_12s.jpg,1,0,0,1,0,0,0,0,0,0,0,0,0,0,0,0,0,0,0,0,0,80
mouse1_01b.jpg,1,0,0,1,0,0,0,0,0,0,0,0,0,0,0,0,0,0,0,0,0,76
mouse1_02s.jpg,1,0,0,1,0,0,0,0,0,0,0,0,0,0,0,0,0,0,0,0,0,76
mouse1_03s.jpg,1,0,0,1,0,0,0,0,0,0,0,0,0,0,0,0,0,0,0,0,0,76
mouse1_04s.jpg,1,0,0,1,0,0,0,0,0,0,0,0,0,0,0,0,0,0,0,0,0,76
mouse1_05s.jpg,1,0,0,1,0,0,0,0,0,0,0,0,0,0,0,0,0,0,0,0,0,76
mouse1_06s.jpg,1,0,0,1,0,0,0,0,0,0,0,0,0,0,0,0,0,0,0,0,0,76
mouse1_08s.jpg,1,0,0,1,0,0,0,0,0,0,0,0,0,0,0,0,0,0,0,0,0,76
mouse1_09s.jpg,1,0,0,1,0,0,0,0,0,0,0,0,0,0,0,0,0,0,0,0,0,76
mouse1_10s.jpg,1,0,0,1,0,0,0,0,0,0,0,0,0,0,0,0,0,0,0,0,0,76
mouse1_11s.jpg,1,0,0,1,0,0,0,0,0,0,0,0,0,0,0,0,0,0,0,0,0,76
monkey_01b.jpg,1,0,0,1,0,0,0,0,0,0,0,0,0,0,0,0,0,0,0,0,0,75
monkey_03s.jpg,1,0,0,1,0,0,0,0,0,0,0,0,0,0,0,0,0,0,0,0,0,75
monkey_04s.jpg,1,0,0,1,0,0,0,0,0,0,0,0,0,0,0,0,0,0,0,0,0,75
monkey_05s.jpg,1,0,0,1,0,0,0,0,0,0,0,0,0,0,0,0,0,0,0,0,0,75
monkey_06s.jpg,1,0,0,1,0,0,0,0,0,0,0,0,0,0,0,0,0,0,0,0,0,75
monkey_07s.jpg,1,0,0,1,0,0,0,0,0,0,0,0,0,0,0,0,0,0,0,0,0,75
monkey_09s.jpg,1,0,0,1,0,0,0,0,0,0,0,0,0,0,0,0,0,0,0,0,0,75
monkey_10s.jpg,1,0,0,1,0,0,0,0,0,0,0,0,0,0,0,0,0,0,0,0,0,75
monkey_11n.jpg,1,0,0,1,0,0,0,0,0,0,0,0,0,0,0,0,0,0,0,0,0,75
monkey_12s.jpg,1,0,0,1,0,0,0,0,0,0,0,0,0,0,0,0,0,0,0,0,0,75
horse_01b.jpg,1,0,0,1,0,0,0,0,0,0,0,0,0,0,0,0,0,0,0,0,0,64
horse_02s.jpg,1,0,0,1,0,0,0,0,0,0,0,0,0,0,0,0,0,0,0,0,0,64
horse_03s.jpg,1,0,0,1,0,0,0,0,0,0,0,0,0,0,0,0,0,0,0,0,0,64
horse_04s.jpg,1,0,0,1,0,0,0,0,0,0,0,0,0,0,0,0,0,0,0,0,0,64
horse_05s.jpg,1,0,0,1,0,0,0,0,0,0,0,0,0,0,0,0,0,0,0,0,0,64
horse_06s.jpg,1,0,0,1,0,0,0,0,0,0,0,0,0,0,0,0,0,0,0,0,0,64
horse_07s.jpg,1,0,0,1,0,0,0,0,0,0,0,0,0,0,0,0,0,0,0,0,0,64
horse_10s.jpg,1,0,0,1,0,0,0,0,0,0,0,0,0,0,0,0,0,0,0,0,0,64
horse_11s.jpg,1,0,0,1,0,0,0,0,0,0,0,0,0,0,0,0,0,0,0,0,0,64
horse_12s.jpg,1,0,0,1,0,0,0,0,0,0,0,0,0,0,0,0,0,0,0,0,0,64
elephant_01b.jpg,1,0,0,1,0,0,0,0,0,0,0,0,0,0,0,0,0,0,0,0,0,54
elephant_02n.jpg,1,0,0,1,0,0,0,0,0,0,0,0,0,0,0,0,0,0,0,0,0,54
elephant_03n.jpg,1,0,0,1,0,0,0,0,0,0,0,0,0,0,0,0,0,0,0,0,0,54
elephant_04n.jpg,1,0,0,1,0,0,0,0,0,0,0,0,0,0,0,0,0,0,0,0,0,54
elephant_05n.jpg,1,0,0,1,0,0,0,0,0,0,0,0,0,0,0,0,0,0,0,0,0,54
elephant_06n.jpg,1,0,0,1,0,0,0,0,0,0,0,0,0,0,0,0,0,0,0,0,0,54
elephant_07n.jpg,1,0,0,1,0,0,0,0,0,0,0,0,0,0,0,0,0,0,0,0,0,54
elephant_09n.jpg,1,0,0,1,0,0,0,0,0,0,0,0,0,0,0,0,0,0,0,0,0,54
elephant_11n.jpg,1,0,0,1,0,0,0,0,0,0,0,0,0,0,0,0,0,0,0,0,0,54
elephant_12n.jpg,1,0,0,1,0,0,0,0,0,0,0,0,0,0,0,0,0,0,0,0,0,54
dog_01b.jpg,1,0,0,1,0,0,0,0,0,0,0,0,0,0,0,0,0,0,0,0,0,48
dog_02s.jpg,1,0,0,1,0,0,0,0,0,0,0,0,0,0,0,0,0,0,0,0,0,48
dog_03s.jpg,1,0,0,1,0,0,0,0,0,0,0,0,0,0,0,0,0,0,0,0,0,48
dog_04s.jpg,1,0,0,1,0,0,0,0,0,0,0,0,0,0,0,0,0,0,0,0,0,48
dog_05s.jpg,1,0,0,1,0,0,0,0,0,0,0,0,0,0,0,0,0,0,0,0,0,48
dog_07s.jpg,1,0,0,1,0,0,0,0,0,0,0,0,0,0,0,0,0,0,0,0,0,48
dog_08s.jpg,1,0,0,1,0,0,0,0,0,0,0,0,0,0,0,0,0,0,0,0,0,48
dog_09s.jpg,1,0,0,1,0,0,0,0,0,0,0,0,0,0,0,0,0,0,0,0,0,48
dog_11s.jpg,1,0,0,1,0,0,0,0,0,0,0,0,0,0,0,0,0,0,0,0,0,48
dog_12s.jpg,1,0,0,1,0,0,0,0,0,0,0,0,0,0,0,0,0,0,0,0,0,48
cow_01b.jpg,1,0,0,1,0,0,0,0,0,0,0,0,0,0,0,0,0,0,0,0,0,44
cow_02s.jpg,1,0,0,1,0,0,0,0,0,0,0,0,0,0,0,0,0,0,0,0,0,44
cow_03s.jpg,1,0,0,1,0,0,0,0,0,0,0,0,0,0,0,0,0,0,0,0,0,44
cow_04s.jpg,1,0,0,1,0,0,0,0,0,0,0,0,0,0,0,0,0,0,0,0,0,44
cow_05s.jpg,1,0,0,1,0,0,0,0,0,0,0,0,0,0,0,0,0,0,0,0,0,44
cow_06n.jpg,1,0,0,1,0,0,0,0,0,0,0,0,0,0,0,0,0,0,0,0,0,44
cow_08s.jpg,1,0,0,1,0,0,0,0,0,0,0,0,0,0,0,0,0,0,0,0,0,44
cow_09s.jpg,1,0,0,1,0,0,0,0,0,0,0,0,0,0,0,0,0,0,0,0,0,44
cow_11s.jpg,1,0,0,1,0,0,0,0,0,0,0,0,0,0,0,0,0,0,0,0,0,44
cow_12s.jpg,1,0,0,1,0,0,0,0,0,0,0,0,0,0,0,0,0,0,0,0,0,44
chipmunk_01b.jpg,1,0,0,1,0,0,0,0,0,0,0,0,0,0,0,0,0,0,0,0,0,41
chipmunk_02n.jpg,1,0,0,1,0,0,0,0,0,0,0,0,0,0,0,0,0,0,0,0,0,41
chipmunk_04n.jpg,1,0,0,1,0,0,0,0,0,0,0,0,0,0,0,0,0,0,0,0,0,41
chipmunk_05s.jpg,1,0,0,1,0,0,0,0,0,0,0,0,0,0,0,0,0,0,0,0,0,41
chipmunk_06s.jpg,1,0,0,1,0,0,0,0,0,0,0,0,0,0,0,0,0,0,0,0,0,41
chipmunk_07n.jpg,1,0,0,1,0,0,0,0,0,0,0,0,0,0,0,0,0,0,0,0,0,41
chipmunk_08n.jpg,1,0,0,1,0,0,0,0,0,0,0,0,0,0,0,0,0,0,0,0,0,41
chipmunk_10s.jpg,1,0,0,1,0,0,0,0,0,0,0,0,0,0,0,0,0,0,0,0,0,41
chipmunk_11s.jpg,1,0,0,1,0,0,0,0,0,0,0,0,0,0,0,0,0,0,0,0,0,41
chipmunk_12s.jpg,1,0,0,1,0,0,0,0,0,0,0,0,0,0,0,0,0,0,0,0,0,41
cat_01b.jpg,1,0,0,1,0,0,0,0,0,0,0,0,0,0,0,0,0,0,0,0,0,38
cat_03s.jpg,1,0,0,1,0,0,0,0,0,0,0,0,0,0,0,0,0,0,0,0,0,38
cat_04s.jpg,1,0,0,1,0,0,0,0,0,0,0,0,0,0,0,0,0,0,0,0,0,38
cat_05s.jpg,1,0,0,1,0,0,0,0,0,0,0,0,0,0,0,0,0,0,0,0,0,38
cat_06s.jpg,1,0,0,1,0,0,0,0,0,0,0,0,0,0,0,0,0,0,0,0,0,38
cat_07s.jpg,1,0,0,1,0,0,0,0,0,0,0,0,0,0,0,0,0,0,0,0,0,38
cat_08s.jpg,1,0,0,1,0,0,0,0,0,0,0,0,0,0,0,0,0,0,0,0,0,38
cat_10s.jpg,1,0,0,1,0,0,0,0,0,0,0,0,0,0,0,0,0,0,0,0,0,38
cat_11s.jpg,1,0,0,1,0,0,0,0,0,0,0,0,0,0,0,0,0,0,0,0,0,38
cat_12s.jpg,1,0,0,1,0,0,0,0,0,0,0,0,0,0,0,0,0,0,0,0,0,38
beaver_01b.jpg,1,0,0,1,0,0,0,0,0,0,0,0,0,0,0,0,0,0,0,0,0,18
beaver_02s.jpg,1,0,0,1,0,0,0,0,0,0,0,0,0,0,0,0,0,0,0,0,0,18
beaver_03s.jpg,1,0,0,1,0,0,0,0,0,0,0,0,0,0,0,0,0,0,0,0,0,18
beaver_04s.jpg,1,0,0,1,0,0,0,0,0,0,0,0,0,0,0,0,0,0,0,0,0,18
beaver_05s.jpg,1,0,0,1,0,0,0,0,0,0,0,0,0,0,0,0,0,0,0,0,0,18
beaver_06s.jpg,1,0,0,1,0,0,0,0,0,0,0,0,0,0,0,0,0,0,0,0,0,18
beaver_09s.jpg,1,0,0,1,0,0,0,0,0,0,0,0,0,0,0,0,0,0,0,0,0,18
beaver_10s.jpg,1,0,0,1,0,0,0,0,0,0,0,0,0,0,0,0,0,0,0,0,0,18
beaver_11n.jpg,1,0,0,1,0,0,0,0,0,0,0,0,0,0,0,0,0,0,0,0,0,18
beaver_12s.jpg,1,0,0,1,0,0,0,0,0,0,0,0,0,0,0,0,0,0,0,0,0,18
bear_01b.jpg,1,0,0,1,0,0,0,0,0,0,0,0,0,0,0,0,0,0,0,0,0,17
bear_02s.jpg,1,0,0,1,0,0,0,0,0,0,0,0,0,0,0,0,0,0,0,0,0,17
bear_04s.jpg,1,0,0,1,0,0,0,0,0,0,0,0,0,0,0,0,0,0,0,0,0,17
bear_05s.jpg,1,0,0,1,0,0,0,0,0,0,0,0,0,0,0,0,0,0,0,0,0,17
bear_06n.jpg,1,0,0,1,0,0,0,0,0,0,0,0,0,0,0,0,0,0,0,0,0,17
bear_08s.jpg,1,0,0,1,0,0,0,0,0,0,0,0,0,0,0,0,0,0,0,0,0,17
bear_09s.jpg,1,0,0,1,0,0,0,0,0,0,0,0,0,0,0,0,0,0,0,0,0,17
bear_10s.jpg,1,0,0,1,0,0,0,0,0,0,0,0,0,0,0,0,0,0,0,0,0,17
bear_11s.jpg,1,0,0,1,0,0,0,0,0,0,0,0,0,0,0,0,0,0,0,0,0,17
bear_12s.jpg,1,0,0,1,0,0,0,0,0,0,0,0,0,0,0,0,0,0,0,0,0,17
alpaca_02s.jpg,1,0,0,1,0,0,0,0,0,0,0,0,0,0,0,0,0,0,0,0,0,4
alpaca_03s.jpg,1,0,0,1,0,0,0,0,0,0,0,0,0,0,0,0,0,0,0,0,0,4
alpaca_04s.jpg,1,0,0,1,0,0,0,0,0,0,0,0,0,0,0,0,0,0,0,0,0,4
alpaca_05s.jpg,1,0,0,1,0,0,0,0,0,0,0,0,0,0,0,0,0,0,0,0,0,4
alpaca_06s.jpg,1,0,0,1,0,0,0,0,0,0,0,0,0,0,0,0,0,0,0,0,0,4
alpaca_07s.jpg,1,0,0,1,0,0,0,0,0,0,0,0,0,0,0,0,0,0,0,0,0,4
alpaca_08s.jpg,1,0,0,1,0,0,0,0,0,0,0,0,0,0,0,0,0,0,0,0,0,4
alpaca_10s.jpg,1,0,0,1,0,0,0,0,0,0,0,0,0,0,0,0,0,0,0,0,0,4
alpaca_11s.jpg,1,0,0,1,0,0,0,0,0,0,0,0,0,0,0,0,0,0,0,0,0,4
alpaca_12s.jpg,1,0,0,1,0,0,0,0,0,0,0,0,0,0,0,0,0,0,0,0,0,4
spider_01b.jpg,1,0,0,0,1,0,0,0,0,0,0,0,0,0,0,0,0,0,0,0,0,87
spider_02s.jpg,1,0,0,0,1,0,0,0,0,0,0,0,0,0,0,0,0,0,0,0,0,87
spider_03s.jpg,1,0,0,0,1,0,0,0,0,0,0,0,0,0,0,0,0,0,0,0,0,87
spider_04s.jpg,1,0,0,0,1,0,0,0,0,0,0,0,0,0,0,0,0,0,0,0,0,87
spider_05s.jpg,1,0,0,0,1,0,0,0,0,0,0,0,0,0,0,0,0,0,0,0,0,87
spider_06s.jpg,1,0,0,0,1,0,0,0,0,0,0,0,0,0,0,0,0,0,0,0,0,87
spider_07s.jpg,1,0,0,0,1,0,0,0,0,0,0,0,0,0,0,0,0,0,0,0,0,87
spider_10n.jpg,1,0,0,0,1,0,0,0,0,0,0,0,0,0,0,0,0,0,0,0,0,87
spider_11s.jpg,1,0,0,0,1,0,0,0,0,0,0,0,0,0,0,0,0,0,0,0,0,87
spider_12n.jpg,1,0,0,0,1,0,0,0,0,0,0,0,0,0,0,0,0,0,0,0,0,87
snake_01b.jpg,1,0,0,0,1,0,0,0,0,0,0,0,0,0,0,0,0,0,0,0,0,86
snake_02s.jpg,1,0,0,0,1,0,0,0,0,0,0,0,0,0,0,0,0,0,0,0,0,86
snake_03s.jpg,1,0,0,0,1,0,0,0,0,0,0,0,0,0,0,0,0,0,0,0,0,86
snake_04s.jpg,1,0,0,0,1,0,0,0,0,0,0,0,0,0,0,0,0,0,0,0,0,86
snake_06s.jpg,1,0,0,0,1,0,0,0,0,0,0,0,0,0,0,0,0,0,0,0,0,86
snake_07s.jpg,1,0,0,0,1,0,0,0,0,0,0,0,0,0,0,0,0,0,0,0,0,86
snake_08s.jpg,1,0,0,0,1,0,0,0,0,0,0,0,0,0,0,0,0,0,0,0,0,86
snake_09s.jpg,1,0,0,0,1,0,0,0,0,0,0,0,0,0,0,0,0,0,0,0,0,86
snake_11s.jpg,1,0,0,0,1,0,0,0,0,0,0,0,0,0,0,0,0,0,0,0,0,86
snake_12s.jpg,1,0,0,0,1,0,0,0,0,0,0,0,0,0,0,0,0,0,0,0,0,86
lizard_01b.jpg,1,0,0,0,1,0,0,0,0,0,0,0,0,0,0,0,0,0,0,0,0,72
lizard_02n.jpg,1,0,0,0,1,0,0,0,0,0,0,0,0,0,0,0,0,0,0,0,0,72
lizard_04n.jpg,1,0,0,0,1,0,0,0,0,0,0,0,0,0,0,0,0,0,0,0,0,72
lizard_05n.jpg,1,0,0,0,1,0,0,0,0,0,0,0,0,0,0,0,0,0,0,0,0,72
lizard_06n.jpg,1,0,0,0,1,0,0,0,0,0,0,0,0,0,0,0,0,0,0,0,0,72
lizard_08n.jpg,1,0,0,0,1,0,0,0,0,0,0,0,0,0,0,0,0,0,0,0,0,72
lizard_09n.jpg,1,0,0,0,1,0,0,0,0,0,0,0,0,0,0,0,0,0,0,0,0,72
lizard_10n.jpg,1,0,0,0,1,0,0,0,0,0,0,0,0,0,0,0,0,0,0,0,0,72
lizard_11n.jpg,1,0,0,0,1,0,0,0,0,0,0,0,0,0,0,0,0,0,0,0,0,72
lizard_12n.jpg,1,0,0,0,1,0,0,0,0,0,0,0,0,0,0,0,0,0,0,0,0,72
fly_01b.jpg,1,0,0,0,1,0,0,0,0,0,0,0,0,0,0,0,0,0,0,0,0,59
fly_02s.jpg,1,0,0,0,1,0,0,0,0,0,0,0,0,0,0,0,0,0,0,0,0,59
fly_03s.jpg,1,0,0,0,1,0,0,0,0,0,0,0,0,0,0,0,0,0,0,0,0,59
fly_05s.jpg,1,0,0,0,1,0,0,0,0,0,0,0,0,0,0,0,0,0,0,0,0,59
fly_06s.jpg,1,0,0,0,1,0,0,0,0,0,0,0,0,0,0,0,0,0,0,0,0,59
fly_07s.jpg,1,0,0,0,1,0,0,0,0,0,0,0,0,0,0,0,0,0,0,0,0,59
fly_08s.jpg,1,0,0,0,1,0,0,0,0,0,0,0,0,0,0,0,0,0,0,0,0,59
fly_09s.jpg,1,0,0,0,1,0,0,0,0,0,0,0,0,0,0,0,0,0,0,0,0,59
fly_11s.jpg,1,0,0,0,1,0,0,0,0,0,0,0,0,0,0,0,0,0,0,0,0,59
fly_12s.jpg,1,0,0,0,1,0,0,0,0,0,0,0,0,0,0,0,0,0,0,0,0,59
dragonfly_01b.jpg,1,0,0,0,1,0,0,0,0,0,0,0,0,0,0,0,0,0,0,0,0,51
dragonfly_03s.jpg,1,0,0,0,1,0,0,0,0,0,0,0,0,0,0,0,0,0,0,0,0,51
dragonfly_04s.jpg,1,0,0,0,1,0,0,0,0,0,0,0,0,0,0,0,0,0,0,0,0,51
dragonfly_06s.jpg,1,0,0,0,1,0,0,0,0,0,0,0,0,0,0,0,0,0,0,0,0,51
dragonfly_07s.jpg,1,0,0,0,1,0,0,0,0,0,0,0,0,0,0,0,0,0,0,0,0,51
dragonfly_08s.jpg,1,0,0,0,1,0,0,0,0,0,0,0,0,0,0,0,0,0,0,0,0,51
dragonfly_09s.jpg,1,0,0,0,1,0,0,0,0,0,0,0,0,0,0,0,0,0,0,0,0,51
dragonfly_10s.jpg,1,0,0,0,1,0,0,0,0,0,0,0,0,0,0,0,0,0,0,0,0,51
dragonfly_11n.jpg,1,0,0,0,1,0,0,0,0,0,0,0,0,0,0,0,0,0,0,0,0,51
dragonfly_12s.jpg,1,0,0,0,1,0,0,0,0,0,0,0,0,0,0,0,0,0,0,0,0,51
bug_01b.jpg,1,0,0,0,1,0,0,0,0,0,0,0,0,0,0,0,0,0,0,0,0,30
bug_02s.jpg,1,0,0,0,1,0,0,0,0,0,0,0,0,0,0,0,0,0,0,0,0,30
bug_04s.jpg,1,0,0,0,1,0,0,0,0,0,0,0,0,0,0,0,0,0,0,0,0,30
bug_05s.jpg,1,0,0,0,1,0,0,0,0,0,0,0,0,0,0,0,0,0,0,0,0,30
bug_06s.jpg,1,0,0,0,1,0,0,0,0,0,0,0,0,0,0,0,0,0,0,0,0,30
bug_07s.jpg,1,0,0,0,1,0,0,0,0,0,0,0,0,0,0,0,0,0,0,0,0,30
bug_08s.jpg,1,0,0,0,1,0,0,0,0,0,0,0,0,0,0,0,0,0,0,0,0,30
bug_09s.jpg,1,0,0,0,1,0,0,0,0,0,0,0,0,0,0,0,0,0,0,0,0,30
bug_11s.jpg,1,0,0,0,1,0,0,0,0,0,0,0,0,0,0,0,0,0,0,0,0,30
bug_12s.jpg,1,0,0,0,1,0,0,0,0,0,0,0,0,0,0,0,0,0,0,0,0,30
bird_01b.jpg,1,0,0,0,1,0,0,0,0,0,0,0,0,0,0,0,0,0,0,0,0,25
bird_03s.jpg,1,0,0,0,1,0,0,0,0,0,0,0,0,0,0,0,0,0,0,0,0,25
bird_04s.jpg,1,0,0,0,1,0,0,0,0,0,0,0,0,0,0,0,0,0,0,0,0,25
bird_05s.jpg,1,0,0,0,1,0,0,0,0,0,0,0,0,0,0,0,0,0,0,0,0,25
bird_06s.jpg,1,0,0,0,1,0,0,0,0,0,0,0,0,0,0,0,0,0,0,0,0,25
bird_07s.jpg,1,0,0,0,1,0,0,0,0,0,0,0,0,0,0,0,0,0,0,0,0,25
bird_09s.jpg,1,0,0,0,1,0,0,0,0,0,0,0,0,0,0,0,0,0,0,0,0,25
bird_10s.jpg,1,0,0,0,1,0,0,0,0,0,0,0,0,0,0,0,0,0,0,0,0,25
bird_11s.jpg,1,0,0,0,1,0,0,0,0,0,0,0,0,0,0,0,0,0,0,0,0,25
bird_12s.jpg,1,0,0,0,1,0,0,0,0,0,0,0,0,0,0,0,0,0,0,0,0,25
beetle_01b.jpg,1,0,0,0,1,0,0,0,0,0,0,0,0,0,0,0,0,0,0,0,0,22
beetle_02n.jpg,1,0,0,0,1,0,0,0,0,0,0,0,0,0,0,0,0,0,0,0,0,22
beetle_04s.jpg,1,0,0,0,1,0,0,0,0,0,0,0,0,0,0,0,0,0,0,0,0,22
beetle_05n.jpg,1,0,0,0,1,0,0,0,0,0,0,0,0,0,0,0,0,0,0,0,0,22
beetle_06s.jpg,1,0,0,0,1,0,0,0,0,0,0,0,0,0,0,0,0,0,0,0,0,22
beetle_07n.jpg,1,0,0,0,1,0,0,0,0,0,0,0,0,0,0,0,0,0,0,0,0,22
beetle_08n.jpg,1,0,0,0,1,0,0,0,0,0,0,0,0,0,0,0,0,0,0,0,0,22
beetle_09s.jpg,1,0,0,0,1,0,0,0,0,0,0,0,0,0,0,0,0,0,0,0,0,22
beetle_11s.jpg,1,0,0,0,1,0,0,0,0,0,0,0,0,0,0,0,0,0,0,0,0,22
beetle_12s.jpg,1,0,0,0,1,0,0,0,0,0,0,0,0,0,0,0,0,0,0,0,0,22
bee_01b.jpg,1,0,0,0,1,0,0,0,0,0,0,0,0,0,0,0,0,0,0,0,0,20
bee_03s.jpg,1,0,0,0,1,0,0,0,0,0,0,0,0,0,0,0,0,0,0,0,0,20
bee_04s.jpg,1,0,0,0,1,0,0,0,0,0,0,0,0,0,0,0,0,0,0,0,0,20
bee_05s.jpg,1,0,0,0,1,0,0,0,0,0,0,0,0,0,0,0,0,0,0,0,0,20
bee_06s.jpg,1,0,0,0,1,0,0,0,0,0,0,0,0,0,0,0,0,0,0,0,0,20
bee_07s.jpg,1,0,0,0,1,0,0,0,0,0,0,0,0,0,0,0,0,0,0,0,0,20
bee_08s.jpg,1,0,0,0,1,0,0,0,0,0,0,0,0,0,0,0,0,0,0,0,0,20
bee_09s.jpg,1,0,0,0,1,0,0,0,0,0,0,0,0,0,0,0,0,0,0,0,0,20
bee_10s.jpg,1,0,0,0,1,0,0,0,0,0,0,0,0,0,0,0,0,0,0,0,0,20
bee_11s.jpg,1,0,0,0,1,0,0,0,0,0,0,0,0,0,0,0,0,0,0,0,0,20
ant_01b.jpg,1,0,0,0,1,0,0,0,0,0,0,0,0,0,0,0,0,0,0,0,0,6
ant_02s.jpg,1,0,0,0,1,0,0,0,0,0,0,0,0,0,0,0,0,0,0,0,0,6
ant_03s.jpg,1,0,0,0,1,0,0,0,0,0,0,0,0,0,0,0,0,0,0,0,0,6
ant_04s.jpg,1,0,0,0,1,0,0,0,0,0,0,0,0,0,0,0,0,0,0,0,0,6
ant_05s.jpg,1,0,0,0,1,0,0,0,0,0,0,0,0,0,0,0,0,0,0,0,0,6
ant_06s.jpg,1,0,0,0,1,0,0,0,0,0,0,0,0,0,0,0,0,0,0,0,0,6
ant_07s.jpg,1,0,0,0,1,0,0,0,0,0,0,0,0,0,0,0,0,0,0,0,0,6
ant_09s.jpg,1,0,0,0,1,0,0,0,0,0,0,0,0,0,0,0,0,0,0,0,0,6
ant_11s.jpg,1,0,0,0,1,0,0,0,0,0,0,0,0,0,0,0,0,0,0,0,0,6
ant_12s.jpg,1,0,0,0,1,0,0,0,0,0,0,0,0,0,0,0,0,0,0,0,0,6
alligator_01b.jpg,1,0,0,0,1,0,0,0,0,0,0,0,0,0,0,0,0,0,0,0,0,1
alligator_02s.jpg,1,0,0,0,1,0,0,0,0,0,0,0,0,0,0,0,0,0,0,0,0,1
alligator_03n.jpg,1,0,0,0,1,0,0,0,0,0,0,0,0,0,0,0,0,0,0,0,0,1
alligator_04s.jpg,1,0,0,0,1,0,0,0,0,0,0,0,0,0,0,0,0,0,0,0,0,1
alligator_05s.jpg,1,0,0,0,1,0,0,0,0,0,0,0,0,0,0,0,0,0,0,0,0,1
alligator_06s.jpg,1,0,0,0,1,0,0,0,0,0,0,0,0,0,0,0,0,0,0,0,0,1
alligator_07s.jpg,1,0,0,0,1,0,0,0,0,0,0,0,0,0,0,0,0,0,0,0,0,1
alligator_08s.jpg,1,0,0,0,1,0,0,0,0,0,0,0,0,0,0,0,0,0,0,0,0,1
alligator_10s.jpg,1,0,0,0,1,0,0,0,0,0,0,0,0,0,0,0,0,0,0,0,0,1
alligator_12s.jpg,1,0,0,0,1,0,0,0,0,0,0,0,0,0,0,0,0,0,0,0,0,1
raspberry_01b.jpg,0,0,0,0,0,1,1,1,1,0,0,0,0,0,0,0,0,0,0,0,0,83
raspberry_02n.jpg,0,0,0,0,0,1,1,1,1,0,0,0,0,0,0,0,0,0,0,0,0,83
raspberry_04s.jpg,0,0,0,0,0,1,1,1,1,0,0,0,0,0,0,0,0,0,0,0,0,83
raspberry_05s.jpg,0,0,0,0,0,1,1,1,1,0,0,0,0,0,0,0,0,0,0,0,0,83
raspberry_06s.jpg,0,0,0,0,0,1,1,1,1,0,0,0,0,0,0,0,0,0,0,0,0,83
raspberry_07s.jpg,0,0,0,0,0,1,1,1,1,0,0,0,0,0,0,0,0,0,0,0,0,83
raspberry_08s.jpg,0,0,0,0,0,1,1,1,1,0,0,0,0,0,0,0,0,0,0,0,0,83
raspberry_09s.jpg,0,0,0,0,0,1,1,1,1,0,0,0,0,0,0,0,0,0,0,0,0,83
raspberry_10n.jpg,0,0,0,0,0,1,1,1,1,0,0,0,0,0,0,0,0,0,0,0,0,83
raspberry_11s.jpg,0,0,0,0,0,1,1,1,1,0,0,0,0,0,0,0,0,0,0,0,0,83
kiwi_01b.jpg,0,0,0,0,0,1,1,1,1,0,0,0,0,0,0,0,0,0,0,0,0,69
kiwi_02s.jpg,0,0,0,0,0,1,1,1,1,0,0,0,0,0,0,0,0,0,0,0,0,69
kiwi_04s.jpg,0,0,0,0,0,1,1,1,1,0,0,0,0,0,0,0,0,0,0,0,0,69
kiwi_05s.jpg,0,0,0,0,0,1,1,1,1,0,0,0,0,0,0,0,0,0,0,0,0,69
kiwi_06s.jpg,0,0,0,0,0,1,1,1,1,0,0,0,0,0,0,0,0,0,0,0,0,69
kiwi_07s.jpg,0,0,0,0,0,1,1,1,1,0,0,0,0,0,0,0,0,0,0,0,0,69
kiwi_08s.jpg,0,0,0,0,0,1,1,1,1,0,0,0,0,0,0,0,0,0,0,0,0,69
kiwi_09s.jpg,0,0,0,0,0,1,1,1,1,0,0,0,0,0,0,0,0,0,0,0,0,69
kiwi_10s.jpg,0,0,0,0,0,1,1,1,1,0,0,0,0,0,0,0,0,0,0,0,0,69
kiwi_12s.jpg,0,0,0,0,0,1,1,1,1,0,0,0,0,0,0,0,0,0,0,0,0,69
grape_01b.jpg,0,0,0,0,0,1,1,1,1,0,0,0,0,0,0,0,0,0,0,0,0,60
grape_02s.jpg,0,0,0,0,0,1,1,1,1,0,0,0,0,0,0,0,0,0,0,0,0,60
grape_03s.jpg,0,0,0,0,0,1,1,1,1,0,0,0,0,0,0,0,0,0,0,0,0,60
grape_04s.jpg,0,0,0,0,0,1,1,1,1,0,0,0,0,0,0,0,0,0,0,0,0,60
grape_06s.jpg,0,0,0,0,0,1,1,1,1,0,0,0,0,0,0,0,0,0,0,0,0,60
grape_07s.jpg,0,0,0,0,0,1,1,1,1,0,0,0,0,0,0,0,0,0,0,0,0,60
grape_08s.jpg,0,0,0,0,0,1,1,1,1,0,0,0,0,0,0,0,0,0,0,0,0,60
grape_10s.jpg,0,0,0,0,0,1,1,1,1,0,0,0,0,0,0,0,0,0,0,0,0,60
grape_11s.jpg,0,0,0,0,0,1,1,1,1,0,0,0,0,0,0,0,0,0,0,0,0,60
grape_12s.jpg,0,0,0,0,0,1,1,1,1,0,0,0,0,0,0,0,0,0,0,0,0,60
cantaloupe_01b.jpg,0,0,0,0,0,1,1,1,1,0,0,0,0,0,0,0,0,0,0,0,0,35
cantaloupe_02s.jpg,0,0,0,0,0,1,1,1,1,0,0,0,0,0,0,0,0,0,0,0,0,35
cantaloupe_03s.jpg,0,0,0,0,0,1,1,1,1,0,0,0,0,0,0,0,0,0,0,0,0,35
cantaloupe_04s.jpg,0,0,0,0,0,1,1,1,1,0,0,0,0,0,0,0,0,0,0,0,0,35
cantaloupe_05s.jpg,0,0,0,0,0,1,1,1,1,0,0,0,0,0,0,0,0,0,0,0,0,35
cantaloupe_06s.jpg,0,0,0,0,0,1,1,1,1,0,0,0,0,0,0,0,0,0,0,0,0,35
cantaloupe_07s.jpg,0,0,0,0,0,1,1,1,1,0,0,0,0,0,0,0,0,0,0,0,0,35
cantaloupe_08s.jpg,0,0,0,0,0,1,1,1,1,0,0,0,0,0,0,0,0,0,0,0,0,35
cantaloupe_09s.jpg,0,0,0,0,0,1,1,1,1,0,0,0,0,0,0,0,0,0,0,0,0,35
cantaloupe_11s.jpg,0,0,0,0,0,1,1,1,1,0,0,0,0,0,0,0,0,0,0,0,0,35
blackberry_01b.jpg,0,0,0,0,0,1,1,1,1,0,0,0,0,0,0,0,0,0,0,0,0,26
blackberry_03s.jpg,0,0,0,0,0,1,1,1,1,0,0,0,0,0,0,0,0,0,0,0,0,26
blackberry_04s.jpg,0,0,0,0,0,1,1,1,1,0,0,0,0,0,0,0,0,0,0,0,0,26
blackberry_05s.jpg,0,0,0,0,0,1,1,1,1,0,0,0,0,0,0,0,0,0,0,0,0,26
blackberry_06s.jpg,0,0,0,0,0,1,1,1,1,0,0,0,0,0,0,0,0,0,0,0,0,26
blackberry_07s.jpg,0,0,0,0,0,1,1,1,1,0,0,0,0,0,0,0,0,0,0,0,0,26
blackberry_09n.jpg,0,0,0,0,0,1,1,1,1,0,0,0,0,0,0,0,0,0,0,0,0,26
blackberry_10s.jpg,0,0,0,0,0,1,1,1,1,0,0,0,0,0,0,0,0,0,0,0,0,26
blackberry_11s.jpg,0,0,0,0,0,1,1,1,1,0,0,0,0,0,0,0,0,0,0,0,0,26
blackberry_12s.jpg,0,0,0,0,0,1,1,1,1,0,0,0,0,0,0,0,0,0,0,0,0,26
banana_01b.jpg,0,0,0,0,0,1,1,1,1,0,0,0,0,0,0,0,0,0,0,0,0,14
banana_02s.jpg,0,0,0,0,0,1,1,1,1,0,0,0,0,0,0,0,0,0,0,0,0,14
banana_03s.jpg,0,0,0,0,0,1,1,1,1,0,0,0,0,0,0,0,0,0,0,0,0,14
banana_04s.jpg,0,0,0,0,0,1,1,1,1,0,0,0,0,0,0,0,0,0,0,0,0,14
banana_05s.jpg,0,0,0,0,0,1,1,1,1,0,0,0,0,0,0,0,0,0,0,0,0,14
banana_06s.jpg,0,0,0,0,0,1,1,1,1,0,0,0,0,0,0,0,0,0,0,0,0,14
banana_07s.jpg,0,0,0,0,0,1,1,1,1,0,0,0,0,0,0,0,0,0,0,0,0,14
banana_08s.jpg,0,0,0,0,0,1,1,1,1,0,0,0,0,0,0,0,0,0,0,0,0,14
banana_11s.jpg,0,0,0,0,0,1,1,1,1,0,0,0,0,0,0,0,0,0,0,0,0,14
banana_12s.jpg,0,0,0,0,0,1,1,1,1,0,0,0,0,0,0,0,0,0,0,0,0,14
apple_01b.jpg,0,0,0,0,0,1,1,1,1,0,0,0,0,0,0,0,0,0,0,0,0,7
apple_02s.jpg,0,0,0,0,0,1,1,1,1,0,0,0,0,0,0,0,0,0,0,0,0,7
apple_03s.jpg,0,0,0,0,0,1,1,1,1,0,0,0,0,0,0,0,0,0,0,0,0,7
apple_04s.jpg,0,0,0,0,0,1,1,1,1,0,0,0,0,0,0,0,0,0,0,0,0,7
apple_06s.jpg,0,0,0,0,0,1,1,1,1,0,0,0,0,0,0,0,0,0,0,0,0,7
apple_07s.jpg,0,0,0,0,0,1,1,1,1,0,0,0,0,0,0,0,0,0,0,0,0,7
apple_08s.jpg,0,0,0,0,0,1,1,1,1,0,0,0,0,0,0,0,0,0,0,0,0,7
apple_10s.jpg,0,0,0,0,0,1,1,1,1,0,0,0,0,0,0,0,0,0,0,0,0,7
apple_11s.jpg,0,0,0,0,0,1,1,1,1,0,0,0,0,0,0,0,0,0,0,0,0,7
apple_12s.jpg,0,0,0,0,0,1,1,1,1,0,0,0,0,0,0,0,0,0,0,0,0,7
lettuce_01b.jpg,0,0,0,0,0,1,1,1,0,1,0,0,0,0,0,0,0,0,0,0,0,71
lettuce_02n.jpg,0,0,0,0,0,1,1,1,0,1,0,0,0,0,0,0,0,0,0,0,0,71
lettuce_03n.jpg,0,0,0,0,0,1,1,1,0,1,0,0,0,0,0,0,0,0,0,0,0,71
lettuce_04n.jpg,0,0,0,0,0,1,1,1,0,1,0,0,0,0,0,0,0,0,0,0,0,71
lettuce_05n.jpg,0,0,0,0,0,1,1,1,0,1,0,0,0,0,0,0,0,0,0,0,0,71
lettuce_06n.jpg,0,0,0,0,0,1,1,1,0,1,0,0,0,0,0,0,0,0,0,0,0,71
lettuce_07n.jpg,0,0,0,0,0,1,1,1,0,1,0,0,0,0,0,0,0,0,0,0,0,71
lettuce_09s.jpg,0,0,0,0,0,1,1,1,0,1,0,0,0,0,0,0,0,0,0,0,0,71
lettuce_10n.jpg,0,0,0,0,0,1,1,1,0,1,0,0,0,0,0,0,0,0,0,0,0,71
lettuce_12s.jpg,0,0,0,0,0,1,1,1,0,1,0,0,0,0,0,0,0,0,0,0,0,71
cucumber_01b.jpg,0,0,0,0,0,1,1,1,0,1,0,0,0,0,0,0,0,0,0,0,0,47
cucumber_02s.jpg,0,0,0,0,0,1,1,1,0,1,0,0,0,0,0,0,0,0,0,0,0,47
cucumber_03s.jpg,0,0,0,0,0,1,1,1,0,1,0,0,0,0,0,0,0,0,0,0,0,47
cucumber_04s.jpg,0,0,0,0,0,1,1,1,0,1,0,0,0,0,0,0,0,0,0,0,0,47
cucumber_07s.jpg,0,0,0,0,0,1,1,1,0,1,0,0,0,0,0,0,0,0,0,0,0,47
cucumber_08s.jpg,0,0,0,0,0,1,1,1,0,1,0,0,0,0,0,0,0,0,0,0,0,47
cucumber_09s.jpg,0,0,0,0,0,1,1,1,0,1,0,0,0,0,0,0,0,0,0,0,0,47
cucumber_10s.jpg,0,0,0,0,0,1,1,1,0,1,0,0,0,0,0,0,0,0,0,0,0,47
cucumber_11s.jpg,0,0,0,0,0,1,1,1,0,1,0,0,0,0,0,0,0,0,0,0,0,47
cucumber_12s.jpg,0,0,0,0,0,1,1,1,0,1,0,0,0,0,0,0,0,0,0,0,0,47
carrot_01b.jpg,0,0,0,0,0,1,1,1,0,1,0,0,0,0,0,0,0,0,0,0,0,37
carrot_03s.jpg,0,0,0,0,0,1,1,1,0,1,0,0,0,0,0,0,0,0,0,0,0,37
carrot_04n.jpg,0,0,0,0,0,1,1,1,0,1,0,0,0,0,0,0,0,0,0,0,0,37
carrot_05s.jpg,0,0,0,0,0,1,1,1,0,1,0,0,0,0,0,0,0,0,0,0,0,37
carrot_06n.jpg,0,0,0,0,0,1,1,1,0,1,0,0,0,0,0,0,0,0,0,0,0,37
carrot_07s.jpg,0,0,0,0,0,1,1,1,0,1,0,0,0,0,0,0,0,0,0,0,0,37
carrot_08n.jpg,0,0,0,0,0,1,1,1,0,1,0,0,0,0,0,0,0,0,0,0,0,37
carrot_09s.jpg,0,0,0,0,0,1,1,1,0,1,0,0,0,0,0,0,0,0,0,0,0,37
carrot_11s.jpg,0,0,0,0,0,1,1,1,0,1,0,0,0,0,0,0,0,0,0,0,0,37
carrot_12s.jpg,0,0,0,0,0,1,1,1,0,1,0,0,0,0,0,0,0,0,0,0,0,37
broccoli_01b.jpg,0,0,0,0,0,1,1,1,0,1,0,0,0,0,0,0,0,0,0,0,0,29
broccoli_02s.jpg,0,0,0,0,0,1,1,1,0,1,0,0,0,0,0,0,0,0,0,0,0,29
broccoli_03s.jpg,0,0,0,0,0,1,1,1,0,1,0,0,0,0,0,0,0,0,0,0,0,29
broccoli_04s.jpg,0,0,0,0,0,1,1,1,0,1,0,0,0,0,0,0,0,0,0,0,0,29
broccoli_05s.jpg,0,0,0,0,0,1,1,1,0,1,0,0,0,0,0,0,0,0,0,0,0,29
broccoli_06s.jpg,0,0,0,0,0,1,1,1,0,1,0,0,0,0,0,0,0,0,0,0,0,29
broccoli_07s.jpg,0,0,0,0,0,1,1,1,0,1,0,0,0,0,0,0,0,0,0,0,0,29
broccoli_08s.jpg,0,0,0,0,0,1,1,1,0,1,0,0,0,0,0,0,0,0,0,0,0,29
broccoli_09s.jpg,0,0,0,0,0,1,1,1,0,1,0,0,0,0,0,0,0,0,0,0,0,29
broccoli_12s.jpg,0,0,0,0,0,1,1,1,0,1,0,0,0,0,0,0,0,0,0,0,0,29
bell_pepper_01b.jpg,0,0,0,0,0,1,1,1,0,1,0,0,0,0,0,0,0,0,0,0,0,23
bell_pepper_02s.jpg,0,0,0,0,0,1,1,1,0,1,0,0,0,0,0,0,0,0,0,0,0,23
bell_pepper_03s.jpg,0,0,0,0,0,1,1,1,0,1,0,0,0,0,0,0,0,0,0,0,0,23
bell_pepper_04s.jpg,0,0,0,0,0,1,1,1,0,1,0,0,0,0,0,0,0,0,0,0,0,23
bell_pepper_05s.jpg,0,0,0,0,0,1,1,1,0,1,0,0,0,0,0,0,0,0,0,0,0,23
bell_pepper_06s.jpg,0,0,0,0,0,1,1,1,0,1,0,0,0,0,0,0,0,0,0,0,0,23
bell_pepper_08s.jpg,0,0,0,0,0,1,1,1,0,1,0,0,0,0,0,0,0,0,0,0,0,23
bell_pepper_10s.jpg,0,0,0,0,0,1,1,1,0,1,0,0,0,0,0,0,0,0,0,0,0,23
bell_pepper_11s.jpg,0,0,0,0,0,1,1,1,0,1,0,0,0,0,0,0,0,0,0,0,0,23
bell_pepper_12s.jpg,0,0,0,0,0,1,1,1,0,1,0,0,0,0,0,0,0,0,0,0,0,23
beet_01b.jpg,0,0,0,0,0,1,1,1,0,1,0,0,0,0,0,0,0,0,0,0,0,21
beet_02s.jpg,0,0,0,0,0,1,1,1,0,1,0,0,0,0,0,0,0,0,0,0,0,21
beet_03s.jpg,0,0,0,0,0,1,1,1,0,1,0,0,0,0,0,0,0,0,0,0,0,21
beet_05s.jpg,0,0,0,0,0,1,1,1,0,1,0,0,0,0,0,0,0,0,0,0,0,21
beet_06s.jpg,0,0,0,0,0,1,1,1,0,1,0,0,0,0,0,0,0,0,0,0,0,21
beet_07s.jpg,0,0,0,0,0,1,1,1,0,1,0,0,0,0,0,0,0,0,0,0,0,21
beet_08s.jpg,0,0,0,0,0,1,1,1,0,1,0,0,0,0,0,0,0,0,0,0,0,21
beet_09s.jpg,0,0,0,0,0,1,1,1,0,1,0,0,0,0,0,0,0,0,0,0,0,21
beet_10s.jpg,0,0,0,0,0,1,1,1,0,1,0,0,0,0,0,0,0,0,0,0,0,21
beet_11s.jpg,0,0,0,0,0,1,1,1,0,1,0,0,0,0,0,0,0,0,0,0,0,21
nut_01b.jpg,0,0,0,0,0,1,1,1,0,0,1,0,0,0,0,0,0,0,0,0,0,78
nut_02s.jpg,0,0,0,0,0,1,1,1,0,0,1,0,0,0,0,0,0,0,0,0,0,78
nut_03s.jpg,0,0,0,0,0,1,1,1,0,0,1,0,0,0,0,0,0,0,0,0,0,78
nut_04s.jpg,0,0,0,0,0,1,1,1,0,0,1,0,0,0,0,0,0,0,0,0,0,78
nut_05s.jpg,0,0,0,0,0,1,1,1,0,0,1,0,0,0,0,0,0,0,0,0,0,78
nut_06s.jpg,0,0,0,0,0,1,1,1,0,0,1,0,0,0,0,0,0,0,0,0,0,78
nut_07s.jpg,0,0,0,0,0,1,1,1,0,0,1,0,0,0,0,0,0,0,0,0,0,78
nut_08s.jpg,0,0,0,0,0,1,1,1,0,0,1,0,0,0,0,0,0,0,0,0,0,78
nut_09s.jpg,0,0,0,0,0,1,1,1,0,0,1,0,0,0,0,0,0,0,0,0,0,78
nut_10s.jpg,0,0,0,0,0,1,1,1,0,0,1,0,0,0,0,0,0,0,0,0,0,78
marshmallow_01b.jpg,0,0,0,0,0,1,1,1,0,0,1,0,0,0,0,0,0,0,0,0,0,74
marshmallow_02s.jpg,0,0,0,0,0,1,1,1,0,0,1,0,0,0,0,0,0,0,0,0,0,74
marshmallow_03s.jpg,0,0,0,0,0,1,1,1,0,0,1,0,0,0,0,0,0,0,0,0,0,74
marshmallow_04s.jpg,0,0,0,0,0,1,1,1,0,0,1,0,0,0,0,0,0,0,0,0,0,74
marshmallow_06s.jpg,0,0,0,0,0,1,1,1,0,0,1,0,0,0,0,0,0,0,0,0,0,74
marshmallow_07s.jpg,0,0,0,0,0,1,1,1,0,0,1,0,0,0,0,0,0,0,0,0,0,74
marshmallow_08s.jpg,0,0,0,0,0,1,1,1,0,0,1,0,0,0,0,0,0,0,0,0,0,74
marshmallow_09s.jpg,0,0,0,0,0,1,1,1,0,0,1,0,0,0,0,0,0,0,0,0,0,74
marshmallow_10s.jpg,0,0,0,0,0,1,1,1,0,0,1,0,0,0,0,0,0,0,0,0,0,74
marshmallow_12s.jpg,0,0,0,0,0,1,1,1,0,0,1,0,0,0,0,0,0,0,0,0,0,74
donut_02s.jpg,0,0,0,0,0,1,1,1,0,0,1,0,0,0,0,0,0,0,0,0,0,50
donut_04s.jpg,0,0,0,0,0,1,1,1,0,0,1,0,0,0,0,0,0,0,0,0,0,50
donut_05s.jpg,0,0,0,0,0,1,1,1,0,0,1,0,0,0,0,0,0,0,0,0,0,50
donut_06s.jpg,0,0,0,0,0,1,1,1,0,0,1,0,0,0,0,0,0,0,0,0,0,50
donut_07s.jpg,0,0,0,0,0,1,1,1,0,0,1,0,0,0,0,0,0,0,0,0,0,50
donut_08s.jpg,0,0,0,0,0,1,1,1,0,0,1,0,0,0,0,0,0,0,0,0,0,50
donut_09s.jpg,0,0,0,0,0,1,1,1,0,0,1,0,0,0,0,0,0,0,0,0,0,50
donut_10s.jpg,0,0,0,0,0,1,1,1,0,0,1,0,0,0,0,0,0,0,0,0,0,50
donut_11s.jpg,0,0,0,0,0,1,1,1,0,0,1,0,0,0,0,0,0,0,0,0,0,50
donut_12s.jpg,0,0,0,0,0,1,1,1,0,0,1,0,0,0,0,0,0,0,0,0,0,50
almond_01b.jpg,0,0,0,0,0,1,1,1,0,0,1,0,0,0,0,0,0,0,0,0,0,2
almond_02s.jpg,0,0,0,0,0,1,1,1,0,0,1,0,0,0,0,0,0,0,0,0,0,2
almond_03s.jpg,0,0,0,0,0,1,1,1,0,0,1,0,0,0,0,0,0,0,0,0,0,2
almond_04s.jpg,0,0,0,0,0,1,1,1,0,0,1,0,0,0,0,0,0,0,0,0,0,2
almond_05s.jpg,0,0,0,0,0,1,1,1,0,0,1,0,0,0,0,0,0,0,0,0,0,2
almond_07s.jpg,0,0,0,0,0,1,1,1,0,0,1,0,0,0,0,0,0,0,0,0,0,2
almond_08s.jpg,0,0,0,0,0,1,1,1,0,0,1,0,0,0,0,0,0,0,0,0,0,2
almond_09s.jpg,0,0,0,0,0,1,1,1,0,0,1,0,0,0,0,0,0,0,0,0,0,2
almond_10s.jpg,0,0,0,0,0,1,1,1,0,0,1,0,0,0,0,0,0,0,0,0,0,2
almond_11s.jpg,0,0,0,0,0,1,1,1,0,0,1,0,0,0,0,0,0,0,0,0,0,2
weed_01b.jpg,0,0,0,0,0,1,1,0,0,0,0,1,0,0,0,0,0,0,0,0,0,98
weed_02s.jpg,0,0,0,0,0,1,1,0,0,0,0,1,0,0,0,0,0,0,0,0,0,98
weed_03s.jpg,0,0,0,0,0,1,1,0,0,0,0,1,0,0,0,0,0,0,0,0,0,98
weed_05s.jpg,0,0,0,0,0,1,1,0,0,0,0,1,0,0,0,0,0,0,0,0,0,98
weed_06s.jpg,0,0,0,0,0,1,1,0,0,0,0,1,0,0,0,0,0,0,0,0,0,98
weed_07s.jpg,0,0,0,0,0,1,1,0,0,0,0,1,0,0,0,0,0,0,0,0,0,98
weed_08s.jpg,0,0,0,0,0,1,1,0,0,0,0,1,0,0,0,0,0,0,0,0,0,98
weed_09s.jpg,0,0,0,0,0,1,1,0,0,0,0,1,0,0,0,0,0,0,0,0,0,98
weed_11s.jpg,0,0,0,0,0,1,1,0,0,0,0,1,0,0,0,0,0,0,0,0,0,98
weed_12s.jpg,0,0,0,0,0,1,1,0,0,0,0,1,0,0,0,0,0,0,0,0,0,98
tumbleweed_01b.jpg,0,0,0,0,0,1,1,0,0,0,0,1,0,0,0,0,0,0,0,0,0,96
tumbleweed_02n.jpg,0,0,0,0,0,1,1,0,0,0,0,1,0,0,0,0,0,0,0,0,0,96
tumbleweed_03s.jpg,0,0,0,0,0,1,1,0,0,0,0,1,0,0,0,0,0,0,0,0,0,96
tumbleweed_04s.jpg,0,0,0,0,0,1,1,0,0,0,0,1,0,0,0,0,0,0,0,0,0,96
tumbleweed_05s.jpg,0,0,0,0,0,1,1,0,0,0,0,1,0,0,0,0,0,0,0,0,0,96
tumbleweed_07s.jpg,0,0,0,0,0,1,1,0,0,0,0,1,0,0,0,0,0,0,0,0,0,96
tumbleweed_09s.jpg,0,0,0,0,0,1,1,0,0,0,0,1,0,0,0,0,0,0,0,0,0,96
tumbleweed_10s.jpg,0,0,0,0,0,1,1,0,0,0,0,1,0,0,0,0,0,0,0,0,0,96
tumbleweed_11s.jpg,0,0,0,0,0,1,1,0,0,0,0,1,0,0,0,0,0,0,0,0,0,96
tumbleweed_12s.jpg,0,0,0,0,0,1,1,0,0,0,0,1,0,0,0,0,0,0,0,0,0,96
tree_01b.jpg,0,0,0,0,0,1,1,0,0,0,0,1,0,0,0,0,0,0,0,0,0,95
tree_02s.jpg,0,0,0,0,0,1,1,0,0,0,0,1,0,0,0,0,0,0,0,0,0,95
tree_03s.jpg,0,0,0,0,0,1,1,0,0,0,0,1,0,0,0,0,0,0,0,0,0,95
tree_04s.jpg,0,0,0,0,0,1,1,0,0,0,0,1,0,0,0,0,0,0,0,0,0,95
tree_05s.jpg,0,0,0,0,0,1,1,0,0,0,0,1,0,0,0,0,0,0,0,0,0,95
tree_06s.jpg,0,0,0,0,0,1,1,0,0,0,0,1,0,0,0,0,0,0,0,0,0,95
tree_07s.jpg,0,0,0,0,0,1,1,0,0,0,0,1,0,0,0,0,0,0,0,0,0,95
tree_10s.jpg,0,0,0,0,0,1,1,0,0,0,0,1,0,0,0,0,0,0,0,0,0,95
tree_11s.jpg,0,0,0,0,0,1,1,0,0,0,0,1,0,0,0,0,0,0,0,0,0,95
tree_12s.jpg,0,0,0,0,0,1,1,0,0,0,0,1,0,0,0,0,0,0,0,0,0,95
flower_01b.jpg,0,0,0,0,0,1,1,0,0,0,0,1,0,0,0,0,0,0,0,0,0,58
flower_02s.jpg,0,0,0,0,0,1,1,0,0,0,0,1,0,0,0,0,0,0,0,0,0,58
flower_03s.jpg,0,0,0,0,0,1,1,0,0,0,0,1,0,0,0,0,0,0,0,0,0,58
flower_05s.jpg,0,0,0,0,0,1,1,0,0,0,0,1,0,0,0,0,0,0,0,0,0,58
flower_06s.jpg,0,0,0,0,0,1,1,0,0,0,0,1,0,0,0,0,0,0,0,0,0,58
flower_08s.jpg,0,0,0,0,0,1,1,0,0,0,0,1,0,0,0,0,0,0,0,0,0,58
flower_09s.jpg,0,0,0,0,0,1,1,0,0,0,0,1,0,0,0,0,0,0,0,0,0,58
flower_10s.jpg,0,0,0,0,0,1,1,0,0,0,0,1,0,0,0,0,0,0,0,0,0,58
flower_11s.jpg,0,0,0,0,0,1,1,0,0,0,0,1,0,0,0,0,0,0,0,0,0,58
flower_12s.jpg,0,0,0,0,0,1,1,0,0,0,0,1,0,0,0,0,0,0,0,0,0,58
fern_01b.jpg,0,0,0,0,0,1,1,0,0,0,0,1,0,0,0,0,0,0,0,0,0,55
fern_02n.jpg,0,0,0,0,0,1,1,0,0,0,0,1,0,0,0,0,0,0,0,0,0,55
fern_03s.jpg,0,0,0,0,0,1,1,0,0,0,0,1,0,0,0,0,0,0,0,0,0,55
fern_04n.jpg,0,0,0,0,0,1,1,0,0,0,0,1,0,0,0,0,0,0,0,0,0,55
fern_05s.jpg,0,0,0,0,0,1,1,0,0,0,0,1,0,0,0,0,0,0,0,0,0,55
fern_06s.jpg,0,0,0,0,0,1,1,0,0,0,0,1,0,0,0,0,0,0,0,0,0,55
fern_09n.jpg,0,0,0,0,0,1,1,0,0,0,0,1,0,0,0,0,0,0,0,0,0,55
fern_10n.jpg,0,0,0,0,0,1,1,0,0,0,0,1,0,0,0,0,0,0,0,0,0,55
fern_11s.jpg,0,0,0,0,0,1,1,0,0,0,0,1,0,0,0,0,0,0,0,0,0,55
fern_12s.jpg,0,0,0,0,0,1,1,0,0,0,0,1,0,0,0,0,0,0,0,0,0,55
cactus_01b.jpg,0,0,0,0,0,1,1,0,0,0,0,1,0,0,0,0,0,0,0,0,0,34
cactus_02s.jpg,0,0,0,0,0,1,1,0,0,0,0,1,0,0,0,0,0,0,0,0,0,34
cactus_03s.jpg,0,0,0,0,0,1,1,0,0,0,0,1,0,0,0,0,0,0,0,0,0,34
cactus_04s.jpg,0,0,0,0,0,1,1,0,0,0,0,1,0,0,0,0,0,0,0,0,0,34
cactus_06s.jpg,0,0,0,0,0,1,1,0,0,0,0,1,0,0,0,0,0,0,0,0,0,34
cactus_07s.jpg,0,0,0,0,0,1,1,0,0,0,0,1,0,0,0,0,0,0,0,0,0,34
cactus_08n.jpg,0,0,0,0,0,1,1,0,0,0,0,1,0,0,0,0,0,0,0,0,0,34
cactus_10s.jpg,0,0,0,0,0,1,1,0,0,0,0,1,0,0,0,0,0,0,0,0,0,34
cactus_11s.jpg,0,0,0,0,0,1,1,0,0,0,0,1,0,0,0,0,0,0,0,0,0,34
cactus_12s.jpg,0,0,0,0,0,1,1,0,0,0,0,1,0,0,0,0,0,0,0,0,0,34
bush_01s.jpg,0,0,0,0,0,1,1,0,0,0,0,1,0,0,0,0,0,0,0,0,0,32
bush_02s.jpg,0,0,0,0,0,1,1,0,0,0,0,1,0,0,0,0,0,0,0,0,0,32
bush_03s.jpg,0,0,0,0,0,1,1,0,0,0,0,1,0,0,0,0,0,0,0,0,0,32
bush_04s.jpg,0,0,0,0,0,1,1,0,0,0,0,1,0,0,0,0,0,0,0,0,0,32
bush_05s.jpg,0,0,0,0,0,1,1,0,0,0,0,1,0,0,0,0,0,0,0,0,0,32
bush_06s.jpg,0,0,0,0,0,1,1,0,0,0,0,1,0,0,0,0,0,0,0,0,0,32
bush_07s.jpg,0,0,0,0,0,1,1,0,0,0,0,1,0,0,0,0,0,0,0,0,0,32
bush_08s.jpg,0,0,0,0,0,1,1,0,0,0,0,1,0,0,0,0,0,0,0,0,0,32
bush_10s.jpg,0,0,0,0,0,1,1,0,0,0,0,1,0,0,0,0,0,0,0,0,0,32
bush_12s.jpg,0,0,0,0,0,1,1,0,0,0,0,1,0,0,0,0,0,0,0,0,0,32
bamboo_01b.jpg,0,0,0,0,0,1,1,0,0,0,0,1,0,0,0,0,0,0,0,0,0,13
bamboo_02s.jpg,0,0,0,0,0,1,1,0,0,0,0,1,0,0,0,0,0,0,0,0,0,13
bamboo_03s.jpg,0,0,0,0,0,1,1,0,0,0,0,1,0,0,0,0,0,0,0,0,0,13
bamboo_04n.jpg,0,0,0,0,0,1,1,0,0,0,0,1,0,0,0,0,0,0,0,0,0,13
bamboo_05n.jpg,0,0,0,0,0,1,1,0,0,0,0,1,0,0,0,0,0,0,0,0,0,13
bamboo_06s.jpg,0,0,0,0,0,1,1,0,0,0,0,1,0,0,0,0,0,0,0,0,0,13
bamboo_07s.jpg,0,0,0,0,0,1,1,0,0,0,0,1,0,0,0,0,0,0,0,0,0,13
bamboo_08s.jpg,0,0,0,0,0,1,1,0,0,0,0,1,0,0,0,0,0,0,0,0,0,13
bamboo_09s.jpg,0,0,0,0,0,1,1,0,0,0,0,1,0,0,0,0,0,0,0,0,0,13
bamboo_12s.jpg,0,0,0,0,0,1,1,0,0,0,0,1,0,0,0,0,0,0,0,0,0,13
aloe_01b.jpg,0,0,0,0,0,1,1,0,0,0,0,1,0,0,0,0,0,0,0,0,0,3
aloe_02s.jpg,0,0,0,0,0,1,1,0,0,0,0,1,0,0,0,0,0,0,0,0,0,3
aloe_03n.jpg,0,0,0,0,0,1,1,0,0,0,0,1,0,0,0,0,0,0,0,0,0,3
aloe_04s.jpg,0,0,0,0,0,1,1,0,0,0,0,1,0,0,0,0,0,0,0,0,0,3
aloe_06s.jpg,0,0,0,0,0,1,1,0,0,0,0,1,0,0,0,0,0,0,0,0,0,3
aloe_07s.jpg,0,0,0,0,0,1,1,0,0,0,0,1,0,0,0,0,0,0,0,0,0,3
aloe_08n.jpg,0,0,0,0,0,1,1,0,0,0,0,1,0,0,0,0,0,0,0,0,0,3
aloe_09s.jpg,0,0,0,0,0,1,1,0,0,0,0,1,0,0,0,0,0,0,0,0,0,3
aloe_10s.jpg,0,0,0,0,0,1,1,0,0,0,0,1,0,0,0,0,0,0,0,0,0,3
aloe_12n.jpg,0,0,0,0,0,1,1,0,0,0,0,1,0,0,0,0,0,0,0,0,0,3
stick_01b.jpg,0,0,0,0,0,1,1,0,0,0,0,0,1,0,0,0,0,0,0,0,0,90
stick_02s.jpg,0,0,0,0,0,1,1,0,0,0,0,0,1,0,0,0,0,0,0,0,0,90
stick_03s.jpg,0,0,0,0,0,1,1,0,0,0,0,0,1,0,0,0,0,0,0,0,0,90
stick_04s.jpg,0,0,0,0,0,1,1,0,0,0,0,0,1,0,0,0,0,0,0,0,0,90
stick_07s.jpg,0,0,0,0,0,1,1,0,0,0,0,0,1,0,0,0,0,0,0,0,0,90
stick_08s.jpg,0,0,0,0,0,1,1,0,0,0,0,0,1,0,0,0,0,0,0,0,0,90
stick_09s.jpg,0,0,0,0,0,1,1,0,0,0,0,0,1,0,0,0,0,0,0,0,0,90
stick_10s.jpg,0,0,0,0,0,1,1,0,0,0,0,0,1,0,0,0,0,0,0,0,0,90
stick_11s.jpg,0,0,0,0,0,1,1,0,0,0,0,0,1,0,0,0,0,0,0,0,0,90
stick_12s.jpg,0,0,0,0,0,1,1,0,0,0,0,0,1,0,0,0,0,0,0,0,0,90
stalagmite_01b.jpg,0,0,0,0,0,1,1,0,0,0,0,0,1,0,0,0,0,0,0,0,0,89
stalagmite_02s.jpg,0,0,0,0,0,1,1,0,0,0,0,0,1,0,0,0,0,0,0,0,0,89
stalagmite_03s.jpg,0,0,0,0,0,1,1,0,0,0,0,0,1,0,0,0,0,0,0,0,0,89
stalagmite_04s.jpg,0,0,0,0,0,1,1,0,0,0,0,0,1,0,0,0,0,0,0,0,0,89
stalagmite_05s.jpg,0,0,0,0,0,1,1,0,0,0,0,0,1,0,0,0,0,0,0,0,0,89
stalagmite_06s.jpg,0,0,0,0,0,1,1,0,0,0,0,0,1,0,0,0,0,0,0,0,0,89
stalagmite_09s.jpg,0,0,0,0,0,1,1,0,0,0,0,0,1,0,0,0,0,0,0,0,0,89
stalagmite_10s.jpg,0,0,0,0,0,1,1,0,0,0,0,0,1,0,0,0,0,0,0,0,0,89
stalagmite_11s.jpg,0,0,0,0,0,1,1,0,0,0,0,0,1,0,0,0,0,0,0,0,0,89
stalagmite_12s.jpg,0,0,0,0,0,1,1,0,0,0,0,0,1,0,0,0,0,0,0,0,0,89
shell2_01b.jpg,0,0,0,0,0,1,1,0,0,0,0,0,1,0,0,0,0,0,0,0,0,85
shell2_02s.jpg,0,0,0,0,0,1,1,0,0,0,0,0,1,0,0,0,0,0,0,0,0,85
shell2_03s.jpg,0,0,0,0,0,1,1,0,0,0,0,0,1,0,0,0,0,0,0,0,0,85
shell2_04s.jpg,0,0,0,0,0,1,1,0,0,0,0,0,1,0,0,0,0,0,0,0,0,85
shell2_05s.jpg,0,0,0,0,0,1,1,0,0,0,0,0,1,0,0,0,0,0,0,0,0,85
shell2_06s.jpg,0,0,0,0,0,1,1,0,0,0,0,0,1,0,0,0,0,0,0,0,0,85
shell2_07s.jpg,0,0,0,0,0,1,1,0,0,0,0,0,1,0,0,0,0,0,0,0,0,85
shell2_09s.jpg,0,0,0,0,0,1,1,0,0,0,0,0,1,0,0,0,0,0,0,0,0,85
shell2_10s.jpg,0,0,0,0,0,1,1,0,0,0,0,0,1,0,0,0,0,0,0,0,0,85
shell2_11s.jpg,0,0,0,0,0,1,1,0,0,0,0,0,1,0,0,0,0,0,0,0,0,85
rock_01s.jpg,0,0,0,0,0,1,1,0,0,0,0,0,1,0,0,0,0,0,0,0,0,84
rock_02s.jpg,0,0,0,0,0,1,1,0,0,0,0,0,1,0,0,0,0,0,0,0,0,84
rock_03s.jpg,0,0,0,0,0,1,1,0,0,0,0,0,1,0,0,0,0,0,0,0,0,84
rock_04s.jpg,0,0,0,0,0,1,1,0,0,0,0,0,1,0,0,0,0,0,0,0,0,84
rock_07s.jpg,0,0,0,0,0,1,1,0,0,0,0,0,1,0,0,0,0,0,0,0,0,84
rock_08s.jpg,0,0,0,0,0,1,1,0,0,0,0,0,1,0,0,0,0,0,0,0,0,84
rock_09s.jpg,0,0,0,0,0,1,1,0,0,0,0,0,1,0,0,0,0,0,0,0,0,84
rock_10s.jpg,0,0,0,0,0,1,1,0,0,0,0,0,1,0,0,0,0,0,0,0,0,84
rock_11s.jpg,0,0,0,0,0,1,1,0,0,0,0,0,1,0,0,0,0,0,0,0,0,84
rock_12s.jpg,0,0,0,0,0,1,1,0,0,0,0,0,1,0,0,0,0,0,0,0,0,84
pinecone_01b.jpg,0,0,0,0,0,1,1,0,0,0,0,0,1,0,0,0,0,0,0,0,0,81
pinecone_02s.jpg,0,0,0,0,0,1,1,0,0,0,0,0,1,0,0,0,0,0,0,0,0,81
pinecone_03s.jpg,0,0,0,0,0,1,1,0,0,0,0,0,1,0,0,0,0,0,0,0,0,81
pinecone_04s.jpg,0,0,0,0,0,1,1,0,0,0,0,0,1,0,0,0,0,0,0,0,0,81
pinecone_05s.jpg,0,0,0,0,0,1,1,0,0,0,0,0,1,0,0,0,0,0,0,0,0,81
pinecone_07s.jpg,0,0,0,0,0,1,1,0,0,0,0,0,1,0,0,0,0,0,0,0,0,81
pinecone_08s.jpg,0,0,0,0,0,1,1,0,0,0,0,0,1,0,0,0,0,0,0,0,0,81
pinecone_10s.jpg,0,0,0,0,0,1,1,0,0,0,0,0,1,0,0,0,0,0,0,0,0,81
pinecone_11s.jpg,0,0,0,0,0,1,1,0,0,0,0,0,1,0,0,0,0,0,0,0,0,81
pinecone_12s.jpg,0,0,0,0,0,1,1,0,0,0,0,0,1,0,0,0,0,0,0,0,0,81
fire_01b.jpg,0,0,0,0,0,1,1,0,0,0,0,0,1,0,0,0,0,0,0,0,0,57
fire_02s.jpg,0,0,0,0,0,1,1,0,0,0,0,0,1,0,0,0,0,0,0,0,0,57
fire_03s.jpg,0,0,0,0,0,1,1,0,0,0,0,0,1,0,0,0,0,0,0,0,0,57
fire_04s.jpg,0,0,0,0,0,1,1,0,0,0,0,0,1,0,0,0,0,0,0,0,0,57
fire_06s.jpg,0,0,0,0,0,1,1,0,0,0,0,0,1,0,0,0,0,0,0,0,0,57
fire_07s.jpg,0,0,0,0,0,1,1,0,0,0,0,0,1,0,0,0,0,0,0,0,0,57
fire_08s.jpg,0,0,0,0,0,1,1,0,0,0,0,0,1,0,0,0,0,0,0,0,0,57
fire_09s.jpg,0,0,0,0,0,1,1,0,0,0,0,0,1,0,0,0,0,0,0,0,0,57
fire_11s.jpg,0,0,0,0,0,1,1,0,0,0,0,0,1,0,0,0,0,0,0,0,0,57
fire_12s.jpg,0,0,0,0,0,1,1,0,0,0,0,0,1,0,0,0,0,0,0,0,0,57
umbrella_01b.jpg,0,0,0,0,0,1,0,0,0,0,0,0,0,1,1,1,0,0,0,0,0,97
umbrella_03s.jpg,0,0,0,0,0,1,0,0,0,0,0,0,0,1,1,1,0,0,0,0,0,97
umbrella_04s.jpg,0,0,0,0,0,1,0,0,0,0,0,0,0,1,1,1,0,0,0,0,0,97
umbrella_05s.jpg,0,0,0,0,0,1,0,0,0,0,0,0,0,1,1,1,0,0,0,0,0,97
umbrella_06s.jpg,0,0,0,0,0,1,0,0,0,0,0,0,0,1,1,1,0,0,0,0,0,97
umbrella_07s.jpg,0,0,0,0,0,1,0,0,0,0,0,0,0,1,1,1,0,0,0,0,0,97
umbrella_08s.jpg,0,0,0,0,0,1,0,0,0,0,0,0,0,1,1,1,0,0,0,0,0,97
umbrella_09s.jpg,0,0,0,0,0,1,0,0,0,0,0,0,0,1,1,1,0,0,0,0,0,97
umbrella_10s.jpg,0,0,0,0,0,1,0,0,0,0,0,0,0,1,1,1,0,0,0,0,0,97
umbrella_12s.jpg,0,0,0,0,0,1,0,0,0,0,0,0,0,1,1,1,0,0,0,0,0,97
spoon_01b.jpg,0,0,0,0,0,1,0,0,0,0,0,0,0,1,1,1,0,0,0,0,0,88
spoon_02s.jpg,0,0,0,0,0,1,0,0,0,0,0,0,0,1,1,1,0,0,0,0,0,88
spoon_03s.jpg,0,0,0,0,0,1,0,0,0,0,0,0,0,1,1,1,0,0,0,0,0,88
spoon_04s.jpg,0,0,0,0,0,1,0,0,0,0,0,0,0,1,1,1,0,0,0,0,0,88
spoon_05n.jpg,0,0,0,0,0,1,0,0,0,0,0,0,0,1,1,1,0,0,0,0,0,88
spoon_07s.jpg,0,0,0,0,0,1,0,0,0,0,0,0,0,1,1,1,0,0,0,0,0,88
spoon_08s.jpg,0,0,0,0,0,1,0,0,0,0,0,0,0,1,1,1,0,0,0,0,0,88
spoon_10s.jpg,0,0,0,0,0,1,0,0,0,0,0,0,0,1,1,1,0,0,0,0,0,88
spoon_11s.jpg,0,0,0,0,0,1,0,0,0,0,0,0,0,1,1,1,0,0,0,0,0,88
spoon_12s.jpg,0,0,0,0,0,1,0,0,0,0,0,0,0,1,1,1,0,0,0,0,0,88
pan_01b.jpg,0,0,0,0,0,1,0,0,0,0,0,0,0,1,1,1,0,0,0,0,0,79
pan_02s.jpg,0,0,0,0,0,1,0,0,0,0,0,0,0,1,1,1,0,0,0,0,0,79
pan_03s.jpg,0,0,0,0,0,1,0,0,0,0,0,0,0,1,1,1,0,0,0,0,0,79
pan_04s.jpg,0,0,0,0,0,1,0,0,0,0,0,0,0,1,1,1,0,0,0,0,0,79
pan_06s.jpg,0,0,0,0,0,1,0,0,0,0,0,0,0,1,1,1,0,0,0,0,0,79
pan_07s.jpg,0,0,0,0,0,1,0,0,0,0,0,0,0,1,1,1,0,0,0,0,0,79
pan_08s.jpg,0,0,0,0,0,1,0,0,0,0,0,0,0,1,1,1,0,0,0,0,0,79
pan_09s.jpg,0,0,0,0,0,1,0,0,0,0,0,0,0,1,1,1,0,0,0,0,0,79
pan_10s.jpg,0,0,0,0,0,1,0,0,0,0,0,0,0,1,1,1,0,0,0,0,0,79
pan_11s.jpg,0,0,0,0,0,1,0,0,0,0,0,0,0,1,1,1,0,0,0,0,0,79
key_01b.jpg,0,0,0,0,0,1,0,0,0,0,0,0,0,1,1,1,0,0,0,0,0,68
key_03s.jpg,0,0,0,0,0,1,0,0,0,0,0,0,0,1,1,1,0,0,0,0,0,68
key_04s.jpg,0,0,0,0,0,1,0,0,0,0,0,0,0,1,1,1,0,0,0,0,0,68
key_05s.jpg,0,0,0,0,0,1,0,0,0,0,0,0,0,1,1,1,0,0,0,0,0,68
key_06s.jpg,0,0,0,0,0,1,0,0,0,0,0,0,0,1,1,1,0,0,0,0,0,68
key_07s.jpg,0,0,0,0,0,1,0,0,0,0,0,0,0,1,1,1,0,0,0,0,0,68
key_08s.jpg,0,0,0,0,0,1,0,0,0,0,0,0,0,1,1,1,0,0,0,0,0,68
key_09s.jpg,0,0,0,0,0,1,0,0,0,0,0,0,0,1,1,1,0,0,0,0,0,68
key_10s.jpg,0,0,0,0,0,1,0,0,0,0,0,0,0,1,1,1,0,0,0,0,0,68
key_11s.jpg,0,0,0,0,0,1,0,0,0,0,0,0,0,1,1,1,0,0,0,0,0,68
joystick_01b.jpg,0,0,0,0,0,1,0,0,0,0,0,0,0,1,1,1,0,0,0,0,0,66
joystick_02s.jpg,0,0,0,0,0,1,0,0,0,0,0,0,0,1,1,1,0,0,0,0,0,66
joystick_03s.jpg,0,0,0,0,0,1,0,0,0,0,0,0,0,1,1,1,0,0,0,0,0,66
joystick_04s.jpg,0,0,0,0,0,1,0,0,0,0,0,0,0,1,1,1,0,0,0,0,0,66
joystick_05s.jpg,0,0,0,0,0,1,0,0,0,0,0,0,0,1,1,1,0,0,0,0,0,66
joystick_06s.jpg,0,0,0,0,0,1,0,0,0,0,0,0,0,1,1,1,0,0,0,0,0,66
joystick_07s.jpg,0,0,0,0,0,1,0,0,0,0,0,0,0,1,1,1,0,0,0,0,0,66
joystick_08s.jpg,0,0,0,0,0,1,0,0,0,0,0,0,0,1,1,1,0,0,0,0,0,66
joystick_09s.jpg,0,0,0,0,0,1,0,0,0,0,0,0,0,1,1,1,0,0,0,0,0,66
joystick_10s.jpg,0,0,0,0,0,1,0,0,0,0,0,0,0,1,1,1,0,0,0,0,0,66
hammer_01b.jpg,0,0,0,0,0,1,0,0,0,0,0,0,0,1,1,1,0,0,0,0,0,61
hammer_02s.jpg,0,0,0,0,0,1,0,0,0,0,0,0,0,1,1,1,0,0,0,0,0,61
hammer_03s.jpg,0,0,0,0,0,1,0,0,0,0,0,0,0,1,1,1,0,0,0,0,0,61
hammer_04s.jpg,0,0,0,0,0,1,0,0,0,0,0,0,0,1,1,1,0,0,0,0,0,61
hammer_05n.jpg,0,0,0,0,0,1,0,0,0,0,0,0,0,1,1,1,0,0,0,0,0,61
hammer_07s.jpg,0,0,0,0,0,1,0,0,0,0,0,0,0,1,1,1,0,0,0,0,0,61
hammer_08s.jpg,0,0,0,0,0,1,0,0,0,0,0,0,0,1,1,1,0,0,0,0,0,61
hammer_09s.jpg,0,0,0,0,0,1,0,0,0,0,0,0,0,1,1,1,0,0,0,0,0,61
hammer_10s.jpg,0,0,0,0,0,1,0,0,0,0,0,0,0,1,1,1,0,0,0,0,0,61
hammer_11n.jpg,0,0,0,0,0,1,0,0,0,0,0,0,0,1,1,1,0,0,0,0,0,61
dustpan_01b.jpg,0,0,0,0,0,1,0,0,0,0,0,0,0,1,1,1,0,0,0,0,0,52
dustpan_02n.jpg,0,0,0,0,0,1,0,0,0,0,0,0,0,1,1,1,0,0,0,0,0,52
dustpan_03n.jpg,0,0,0,0,0,1,0,0,0,0,0,0,0,1,1,1,0,0,0,0,0,52
dustpan_04n.jpg,0,0,0,0,0,1,0,0,0,0,0,0,0,1,1,1,0,0,0,0,0,52
dustpan_05s.jpg,0,0,0,0,0,1,0,0,0,0,0,0,0,1,1,1,0,0,0,0,0,52
dustpan_06s.jpg,0,0,0,0,0,1,0,0,0,0,0,0,0,1,1,1,0,0,0,0,0,52
dustpan_07s.jpg,0,0,0,0,0,1,0,0,0,0,0,0,0,1,1,1,0,0,0,0,0,52
dustpan_08s.jpg,0,0,0,0,0,1,0,0,0,0,0,0,0,1,1,1,0,0,0,0,0,52
dustpan_09s.jpg,0,0,0,0,0,1,0,0,0,0,0,0,0,1,1,1,0,0,0,0,0,52
dustpan_11s.jpg,0,0,0,0,0,1,0,0,0,0,0,0,0,1,1,1,0,0,0,0,0,52
crayon_01b.jpg,0,0,0,0,0,1,0,0,0,0,0,0,0,1,1,1,0,0,0,0,0,46
crayon_02s.jpg,0,0,0,0,0,1,0,0,0,0,0,0,0,1,1,1,0,0,0,0,0,46
crayon_03s.jpg,0,0,0,0,0,1,0,0,0,0,0,0,0,1,1,1,0,0,0,0,0,46
crayon_04s.jpg,0,0,0,0,0,1,0,0,0,0,0,0,0,1,1,1,0,0,0,0,0,46
crayon_05s.jpg,0,0,0,0,0,1,0,0,0,0,0,0,0,1,1,1,0,0,0,0,0,46
crayon_06s.jpg,0,0,0,0,0,1,0,0,0,0,0,0,0,1,1,1,0,0,0,0,0,46
crayon_07s.jpg,0,0,0,0,0,1,0,0,0,0,0,0,0,1,1,1,0,0,0,0,0,46
crayon_10s.jpg,0,0,0,0,0,1,0,0,0,0,0,0,0,1,1,1,0,0,0,0,0,46
crayon_11s.jpg,0,0,0,0,0,1,0,0,0,0,0,0,0,1,1,1,0,0,0,0,0,46
crayon_12s.jpg,0,0,0,0,0,1,0,0,0,0,0,0,0,1,1,1,0,0,0,0,0,46
axe_01b.jpg,0,0,0,0,0,1,0,0,0,0,0,0,0,1,1,1,0,0,0,0,0,10
axe_02n.jpg,0,0,0,0,0,1,0,0,0,0,0,0,0,1,1,1,0,0,0,0,0,10
axe_03n.jpg,0,0,0,0,0,1,0,0,0,0,0,0,0,1,1,1,0,0,0,0,0,10
axe_04n.jpg,0,0,0,0,0,1,0,0,0,0,0,0,0,1,1,1,0,0,0,0,0,10
axe_05n.jpg,0,0,0,0,0,1,0,0,0,0,0,0,0,1,1,1,0,0,0,0,0,10
axe_06n.jpg,0,0,0,0,0,1,0,0,0,0,0,0,0,1,1,1,0,0,0,0,0,10
axe_07n.jpg,0,0,0,0,0,1,0,0,0,0,0,0,0,1,1,1,0,0,0,0,0,10
axe_09n.jpg,0,0,0,0,0,1,0,0,0,0,0,0,0,1,1,1,0,0,0,0,0,10
axe_10n.jpg,0,0,0,0,0,1,0,0,0,0,0,0,0,1,1,1,0,0,0,0,0,10
axe_12n.jpg,0,0,0,0,0,1,0,0,0,0,0,0,0,1,1,1,0,0,0,0,0,10
ashtray_01s.jpg,0,0,0,0,0,1,0,0,0,0,0,0,0,1,1,1,0,0,0,0,0,9
ashtray_02s.jpg,0,0,0,0,0,1,0,0,0,0,0,0,0,1,1,1,0,0,0,0,0,9
ashtray_04s.jpg,0,0,0,0,0,1,0,0,0,0,0,0,0,1,1,1,0,0,0,0,0,9
ashtray_05s.jpg,0,0,0,0,0,1,0,0,0,0,0,0,0,1,1,1,0,0,0,0,0,9
ashtray_07n.jpg,0,0,0,0,0,1,0,0,0,0,0,0,0,1,1,1,0,0,0,0,0,9
ashtray_08s.jpg,0,0,0,0,0,1,0,0,0,0,0,0,0,1,1,1,0,0,0,0,0,9
ashtray_09s.jpg,0,0,0,0,0,1,0,0,0,0,0,0,0,1,1,1,0,0,0,0,0,9
ashtray_10s.jpg,0,0,0,0,0,1,0,0,0,0,0,0,0,1,1,1,0,0,0,0,0,9
ashtray_11s.jpg,0,0,0,0,0,1,0,0,0,0,0,0,0,1,1,1,0,0,0,0,0,9
ashtray_12s.jpg,0,0,0,0,0,1,0,0,0,0,0,0,0,1,1,1,0,0,0,0,0,9
kazoo_02s.jpg,0,0,0,0,0,1,0,0,0,0,0,0,0,1,1,0,1,0,0,0,0,67
kazoo_03s.jpg,0,0,0,0,0,1,0,0,0,0,0,0,0,1,1,0,1,0,0,0,0,67
kazoo_04s.jpg,0,0,0,0,0,1,0,0,0,0,0,0,0,1,1,0,1,0,0,0,0,67
kazoo_05s.jpg,0,0,0,0,0,1,0,0,0,0,0,0,0,1,1,0,1,0,0,0,0,67
kazoo_07s.jpg,0,0,0,0,0,1,0,0,0,0,0,0,0,1,1,0,1,0,0,0,0,67
kazoo_08s.jpg,0,0,0,0,0,1,0,0,0,0,0,0,0,1,1,0,1,0,0,0,0,67
kazoo_09s.jpg,0,0,0,0,0,1,0,0,0,0,0,0,0,1,1,0,1,0,0,0,0,67
kazoo_10s.jpg,0,0,0,0,0,1,0,0,0,0,0,0,0,1,1,0,1,0,0,0,0,67
kazoo_11s.jpg,0,0,0,0,0,1,0,0,0,0,0,0,0,1,1,0,1,0,0,0,0,67
kazoo_12s.jpg,0,0,0,0,0,1,0,0,0,0,0,0,0,1,1,0,1,0,0,0,0,67
jar_01s.jpg,0,0,0,0,0,1,0,0,0,0,0,0,0,1,1,0,1,0,0,0,0,65
jar_02s.jpg,0,0,0,0,0,1,0,0,0,0,0,0,0,1,1,0,1,0,0,0,0,65
jar_03s.jpg,0,0,0,0,0,1,0,0,0,0,0,0,0,1,1,0,1,0,0,0,0,65
jar_05s.jpg,0,0,0,0,0,1,0,0,0,0,0,0,0,1,1,0,1,0,0,0,0,65
jar_07s.jpg,0,0,0,0,0,1,0,0,0,0,0,0,0,1,1,0,1,0,0,0,0,65
jar_08s.jpg,0,0,0,0,0,1,0,0,0,0,0,0,0,1,1,0,1,0,0,0,0,65
jar_09s.jpg,0,0,0,0,0,1,0,0,0,0,0,0,0,1,1,0,1,0,0,0,0,65
jar_10s.jpg,0,0,0,0,0,1,0,0,0,0,0,0,0,1,1,0,1,0,0,0,0,65
jar_11s.jpg,0,0,0,0,0,1,0,0,0,0,0,0,0,1,1,0,1,0,0,0,0,65
jar_12s.jpg,0,0,0,0,0,1,0,0,0,0,0,0,0,1,1,0,1,0,0,0,0,65
bolt_01b.jpg,0,0,0,0,0,1,0,0,0,0,0,0,0,1,1,0,1,0,0,0,0,28
bolt_02s.jpg,0,0,0,0,0,1,0,0,0,0,0,0,0,1,1,0,1,0,0,0,0,28
bolt_03s.jpg,0,0,0,0,0,1,0,0,0,0,0,0,0,1,1,0,1,0,0,0,0,28
bolt_05s.jpg,0,0,0,0,0,1,0,0,0,0,0,0,0,1,1,0,1,0,0,0,0,28
bolt_06s.jpg,0,0,0,0,0,1,0,0,0,0,0,0,0,1,1,0,1,0,0,0,0,28
bolt_07n.jpg,0,0,0,0,0,1,0,0,0,0,0,0,0,1,1,0,1,0,0,0,0,28
bolt_08n.jpg,0,0,0,0,0,1,0,0,0,0,0,0,0,1,1,0,1,0,0,0,0,28
bolt_10n.jpg,0,0,0,0,0,1,0,0,0,0,0,0,0,1,1,0,1,0,0,0,0,28
bolt_11s.jpg,0,0,0,0,0,1,0,0,0,0,0,0,0,1,1,0,1,0,0,0,0,28
bolt_12s.jpg,0,0,0,0,0,1,0,0,0,0,0,0,0,1,1,0,1,0,0,0,0,28
beachball_01b.jpg,0,0,0,0,0,1,0,0,0,0,0,0,0,1,1,0,1,0,0,0,0,16
beachball_02s.jpg,0,0,0,0,0,1,0,0,0,0,0,0,0,1,1,0,1,0,0,0,0,16
beachball_03s.jpg,0,0,0,0,0,1,0,0,0,0,0,0,0,1,1,0,1,0,0,0,0,16
beachball_04s.jpg,0,0,0,0,0,1,0,0,0,0,0,0,0,1,1,0,1,0,0,0,0,16
beachball_05s.jpg,0,0,0,0,0,1,0,0,0,0,0,0,0,1,1,0,1,0,0,0,0,16
beachball_06s.jpg,0,0,0,0,0,1,0,0,0,0,0,0,0,1,1,0,1,0,0,0,0,16
beachball_08s.jpg,0,0,0,0,0,1,0,0,0,0,0,0,0,1,1,0,1,0,0,0,0,16
beachball_09s.jpg,0,0,0,0,0,1,0,0,0,0,0,0,0,1,1,0,1,0,0,0,0,16
beachball_10s.jpg,0,0,0,0,0,1,0,0,0,0,0,0,0,1,1,0,1,0,0,0,0,16
beachball_11s.jpg,0,0,0,0,0,1,0,0,0,0,0,0,0,1,1,0,1,0,0,0,0,16
baseball_02s.jpg,0,0,0,0,0,1,0,0,0,0,0,0,0,1,1,0,1,0,0,0,0,15
baseball_03s.jpg,0,0,0,0,0,1,0,0,0,0,0,0,0,1,1,0,1,0,0,0,0,15
baseball_04s.jpg,0,0,0,0,0,1,0,0,0,0,0,0,0,1,1,0,1,0,0,0,0,15
baseball_05s.jpg,0,0,0,0,0,1,0,0,0,0,0,0,0,1,1,0,1,0,0,0,0,15
baseball_06s.jpg,0,0,0,0,0,1,0,0,0,0,0,0,0,1,1,0,1,0,0,0,0,15
baseball_07s.jpg,0,0,0,0,0,1,0,0,0,0,0,0,0,1,1,0,1,0,0,0,0,15
baseball_08s.jpg,0,0,0,0,0,1,0,0,0,0,0,0,0,1,1,0,1,0,0,0,0,15
baseball_09s.jpg,0,0,0,0,0,1,0,0,0,0,0,0,0,1,1,0,1,0,0,0,0,15
baseball_10s.jpg,0,0,0,0,0,1,0,0,0,0,0,0,0,1,1,0,1,0,0,0,0,15
baseball_12s.jpg,0,0,0,0,0,1,0,0,0,0,0,0,0,1,1,0,1,0,0,0,0,15
backgammon_01b.jpg,0,0,0,0,0,1,0,0,0,0,0,0,0,1,1,0,1,0,0,0,0,12
backgammon_03s.jpg,0,0,0,0,0,1,0,0,0,0,0,0,0,1,1,0,1,0,0,0,0,12
backgammon_04s.jpg,0,0,0,0,0,1,0,0,0,0,0,0,0,1,1,0,1,0,0,0,0,12
backgammon_05s.jpg,0,0,0,0,0,1,0,0,0,0,0,0,0,1,1,0,1,0,0,0,0,12
backgammon_06s.jpg,0,0,0,0,0,1,0,0,0,0,0,0,0,1,1,0,1,0,0,0,0,12
backgammon_07s.jpg,0,0,0,0,0,1,0,0,0,0,0,0,0,1,1,0,1,0,0,0,0,12
backgammon_08s.jpg,0,0,0,0,0,1,0,0,0,0,0,0,0,1,1,0,1,0,0,0,0,12
backgammon_09s.jpg,0,0,0,0,0,1,0,0,0,0,0,0,0,1,1,0,1,0,0,0,0,12
backgammon_11s.jpg,0,0,0,0,0,1,0,0,0,0,0,0,0,1,1,0,1,0,0,0,0,12
backgammon_12s.jpg,0,0,0,0,0,1,0,0,0,0,0,0,0,1,1,0,1,0,0,0,0,12
table_01b.jpg,0,0,0,0,0,1,0,0,0,0,0,0,0,1,0,0,0,1,1,0,0,91
table_02s.jpg,0,0,0,0,0,1,0,0,0,0,0,0,0,1,0,0,0,1,1,0,0,91
table_03s.jpg,0,0,0,0,0,1,0,0,0,0,0,0,0,1,0,0,0,1,1,0,0,91
table_04s.jpg,0,0,0,0,0,1,0,0,0,0,0,0,0,1,0,0,0,1,1,0,0,91
table_06s.jpg,0,0,0,0,0,1,0,0,0,0,0,0,0,1,0,0,0,1,1,0,0,91
table_07s.jpg,0,0,0,0,0,1,0,0,0,0,0,0,0,1,0,0,0,1,1,0,0,91
table_08s.jpg,0,0,0,0,0,1,0,0,0,0,0,0,0,1,0,0,0,1,1,0,0,91
table_09s.jpg,0,0,0,0,0,1,0,0,0,0,0,0,0,1,0,0,0,1,1,0,0,91
table_11s.jpg,0,0,0,0,0,1,0,0,0,0,0,0,0,1,0,0,0,1,1,0,0,91
table_12s.jpg,0,0,0,0,0,1,0,0,0,0,0,0,0,1,0,0,0,1,1,0,0,91
crate_01b.jpg,0,0,0,0,0,1,0,0,0,0,0,0,0,1,0,0,0,1,1,0,0,45
crate_02s.jpg,0,0,0,0,0,1,0,0,0,0,0,0,0,1,0,0,0,1,1,0,0,45
crate_03s.jpg,0,0,0,0,0,1,0,0,0,0,0,0,0,1,0,0,0,1,1,0,0,45
crate_05s.jpg,0,0,0,0,0,1,0,0,0,0,0,0,0,1,0,0,0,1,1,0,0,45
crate_06s.jpg,0,0,0,0,0,1,0,0,0,0,0,0,0,1,0,0,0,1,1,0,0,45
crate_08s.jpg,0,0,0,0,0,1,0,0,0,0,0,0,0,1,0,0,0,1,1,0,0,45
crate_09s.jpg,0,0,0,0,0,1,0,0,0,0,0,0,0,1,0,0,0,1,1,0,0,45
crate_10s.jpg,0,0,0,0,0,1,0,0,0,0,0,0,0,1,0,0,0,1,1,0,0,45
crate_11s.jpg,0,0,0,0,0,1,0,0,0,0,0,0,0,1,0,0,0,1,1,0,0,45
crate_12s.jpg,0,0,0,0,0,1,0,0,0,0,0,0,0,1,0,0,0,1,1,0,0,45
couch_01b.jpg,0,0,0,0,0,1,0,0,0,0,0,0,0,1,0,0,0,1,1,0,0,43
couch_02s.jpg,0,0,0,0,0,1,0,0,0,0,0,0,0,1,0,0,0,1,1,0,0,43
couch_03s.jpg,0,0,0,0,0,1,0,0,0,0,0,0,0,1,0,0,0,1,1,0,0,43
couch_04s.jpg,0,0,0,0,0,1,0,0,0,0,0,0,0,1,0,0,0,1,1,0,0,43
couch_05s.jpg,0,0,0,0,0,1,0,0,0,0,0,0,0,1,0,0,0,1,1,0,0,43
couch_06s.jpg,0,0,0,0,0,1,0,0,0,0,0,0,0,1,0,0,0,1,1,0,0,43
couch_08n.jpg,0,0,0,0,0,1,0,0,0,0,0,0,0,1,0,0,0,1,1,0,0,43
couch_09s.jpg,0,0,0,0,0,1,0,0,0,0,0,0,0,1,0,0,0,1,1,0,0,43
couch_11s.jpg,0,0,0,0,0,1,0,0,0,0,0,0,0,1,0,0,0,1,1,0,0,43
couch_12s.jpg,0,0,0,0,0,1,0,0,0,0,0,0,0,1,0,0,0,1,1,0,0,43
coat_rack_01b.jpg,0,0,0,0,0,1,0,0,0,0,0,0,0,1,0,0,0,1,1,0,0,42
coat_rack_02s.jpg,0,0,0,0,0,1,0,0,0,0,0,0,0,1,0,0,0,1,1,0,0,42
coat_rack_03s.jpg,0,0,0,0,0,1,0,0,0,0,0,0,0,1,0,0,0,1,1,0,0,42
coat_rack_04s.jpg,0,0,0,0,0,1,0,0,0,0,0,0,0,1,0,0,0,1,1,0,0,42
coat_rack_05s.jpg,0,0,0,0,0,1,0,0,0,0,0,0,0,1,0,0,0,1,1,0,0,42
coat_rack_06s.jpg,0,0,0,0,0,1,0,0,0,0,0,0,0,1,0,0,0,1,1,0,0,42
coat_rack_07s.jpg,0,0,0,0,0,1,0,0,0,0,0,0,0,1,0,0,0,1,1,0,0,42
coat_rack_08s.jpg,0,0,0,0,0,1,0,0,0,0,0,0,0,1,0,0,0,1,1,0,0,42
coat_rack_09s.jpg,0,0,0,0,0,1,0,0,0,0,0,0,0,1,0,0,0,1,1,0,0,42
coat_rack_12s.jpg,0,0,0,0,0,1,0,0,0,0,0,0,0,1,0,0,0,1,1,0,0,42
chair_01b.jpg,0,0,0,0,0,1,0,0,0,0,0,0,0,1,0,0,0,1,1,0,0,39
chair_02s.jpg,0,0,0,0,0,1,0,0,0,0,0,0,0,1,0,0,0,1,1,0,0,39
chair_03s.jpg,0,0,0,0,0,1,0,0,0,0,0,0,0,1,0,0,0,1,1,0,0,39
chair_04s.jpg,0,0,0,0,0,1,0,0,0,0,0,0,0,1,0,0,0,1,1,0,0,39
chair_07s.jpg,0,0,0,0,0,1,0,0,0,0,0,0,0,1,0,0,0,1,1,0,0,39
chair_08s.jpg,0,0,0,0,0,1,0,0,0,0,0,0,0,1,0,0,0,1,1,0,0,39
chair_09s.jpg,0,0,0,0,0,1,0,0,0,0,0,0,0,1,0,0,0,1,1,0,0,39
chair_10s.jpg,0,0,0,0,0,1,0,0,0,0,0,0,0,1,0,0,0,1,1,0,0,39
chair_11s.jpg,0,0,0,0,0,1,0,0,0,0,0,0,0,1,0,0,0,1,1,0,0,39
chair_12s.jpg,0,0,0,0,0,1,0,0,0,0,0,0,0,1,0,0,0,1,1,0,0,39
cabinet_01s.jpg,0,0,0,0,0,1,0,0,0,0,0,0,0,1,0,0,0,1,1,0,0,33
cabinet_02s.jpg,0,0,0,0,0,1,0,0,0,0,0,0,0,1,0,0,0,1,1,0,0,33
cabinet_03s.jpg,0,0,0,0,0,1,0,0,0,0,0,0,0,1,0,0,0,1,1,0,0,33
cabinet_04s.jpg,0,0,0,0,0,1,0,0,0,0,0,0,0,1,0,0,0,1,1,0,0,33
cabinet_06s.jpg,0,0,0,0,0,1,0,0,0,0,0,0,0,1,0,0,0,1,1,0,0,33
cabinet_07s.jpg,0,0,0,0,0,1,0,0,0,0,0,0,0,1,0,0,0,1,1,0,0,33
cabinet_09s.jpg,0,0,0,0,0,1,0,0,0,0,0,0,0,1,0,0,0,1,1,0,0,33
cabinet_10s.jpg,0,0,0,0,0,1,0,0,0,0,0,0,0,1,0,0,0,1,1,0,0,33
cabinet_11s.jpg,0,0,0,0,0,1,0,0,0,0,0,0,0,1,0,0,0,1,1,0,0,33
cabinet_12s.jpg,0,0,0,0,0,1,0,0,0,0,0,0,0,1,0,0,0,1,1,0,0,33
bed_01b.jpg,0,0,0,0,0,1,0,0,0,0,0,0,0,1,0,0,0,1,1,0,0,19
bed_02s.jpg,0,0,0,0,0,1,0,0,0,0,0,0,0,1,0,0,0,1,1,0,0,19
bed_03s.jpg,0,0,0,0,0,1,0,0,0,0,0,0,0,1,0,0,0,1,1,0,0,19
bed_04s.jpg,0,0,0,0,0,1,0,0,0,0,0,0,0,1,0,0,0,1,1,0,0,19
bed_05n.jpg,0,0,0,0,0,1,0,0,0,0,0,0,0,1,0,0,0,1,1,0,0,19
bed_06n.jpg,0,0,0,0,0,1,0,0,0,0,0,0,0,1,0,0,0,1,1,0,0,19
bed_07n.jpg,0,0,0,0,0,1,0,0,0,0,0,0,0,1,0,0,0,1,1,0,0,19
bed_08s.jpg,0,0,0,0,0,1,0,0,0,0,0,0,0,1,0,0,0,1,1,0,0,19
bed_11n.jpg,0,0,0,0,0,1,0,0,0,0,0,0,0,1,0,0,0,1,1,0,0,19
bed_12s.jpg,0,0,0,0,0,1,0,0,0,0,0,0,0,1,0,0,0,1,1,0,0,19
helicopter_01b.jpg,0,0,0,0,0,1,0,0,0,0,0,0,0,1,0,0,0,1,0,1,0,63
helicopter_02s.jpg,0,0,0,0,0,1,0,0,0,0,0,0,0,1,0,0,0,1,0,1,0,63
helicopter_03s.jpg,0,0,0,0,0,1,0,0,0,0,0,0,0,1,0,0,0,1,0,1,0,63
helicopter_05s.jpg,0,0,0,0,0,1,0,0,0,0,0,0,0,1,0,0,0,1,0,1,0,63
helicopter_06s.jpg,0,0,0,0,0,1,0,0,0,0,0,0,0,1,0,0,0,1,0,1,0,63
helicopter_07n.jpg,0,0,0,0,0,1,0,0,0,0,0,0,0,1,0,0,0,1,0,1,0,63
helicopter_08s.jpg,0,0,0,0,0,1,0,0,0,0,0,0,0,1,0,0,0,1,0,1,0,63
helicopter_10s.jpg,0,0,0,0,0,1,0,0,0,0,0,0,0,1,0,0,0,1,0,1,0,63
helicopter_11s.jpg,0,0,0,0,0,1,0,0,0,0,0,0,0,1,0,0,0,1,0,1,0,63
helicopter_12s.jpg,0,0,0,0,0,1,0,0,0,0,0,0,0,1,0,0,0,1,0,1,0,63
car_01b.jpg,0,0,0,0,0,1,0,0,0,0,0,0,0,1,0,0,0,1,0,1,0,36
car_02s.jpg,0,0,0,0,0,1,0,0,0,0,0,0,0,1,0,0,0,1,0,1,0,36
car_03s.jpg,0,0,0,0,0,1,0,0,0,0,0,0,0,1,0,0,0,1,0,1,0,36
car_06s.jpg,0,0,0,0,0,1,0,0,0,0,0,0,0,1,0,0,0,1,0,1,0,36
car_07s.jpg,0,0,0,0,0,1,0,0,0,0,0,0,0,1,0,0,0,1,0,1,0,36
car_08s.jpg,0,0,0,0,0,1,0,0,0,0,0,0,0,1,0,0,0,1,0,1,0,36
car_09s.jpg,0,0,0,0,0,1,0,0,0,0,0,0,0,1,0,0,0,1,0,1,0,36
car_10s.jpg,0,0,0,0,0,1,0,0,0,0,0,0,0,1,0,0,0,1,0,1,0,36
car_11s.jpg,0,0,0,0,0,1,0,0,0,0,0,0,0,1,0,0,0,1,0,1,0,36
car_12s.jpg,0,0,0,0,0,1,0,0,0,0,0,0,0,1,0,0,0,1,0,1,0,36
bulldozer_01b.jpg,0,0,0,0,0,1,0,0,0,0,0,0,0,1,0,0,0,1,0,1,0,31
bulldozer_02s.jpg,0,0,0,0,0,1,0,0,0,0,0,0,0,1,0,0,0,1,0,1,0,31
bulldozer_03n.jpg,0,0,0,0,0,1,0,0,0,0,0,0,0,1,0,0,0,1,0,1,0,31
bulldozer_04s.jpg,0,0,0,0,0,1,0,0,0,0,0,0,0,1,0,0,0,1,0,1,0,31
bulldozer_05n.jpg,0,0,0,0,0,1,0,0,0,0,0,0,0,1,0,0,0,1,0,1,0,31
bulldozer_06s.jpg,0,0,0,0,0,1,0,0,0,0,0,0,0,1,0,0,0,1,0,1,0,31
bulldozer_07s.jpg,0,0,0,0,0,1,0,0,0,0,0,0,0,1,0,0,0,1,0,1,0,31
bulldozer_08s.jpg,0,0,0,0,0,1,0,0,0,0,0,0,0,1,0,0,0,1,0,1,0,31
bulldozer_09s.jpg,0,0,0,0,0,1,0,0,0,0,0,0,0,1,0,0,0,1,0,1,0,31
bulldozer_12s.jpg,0,0,0,0,0,1,0,0,0,0,0,0,0,1,0,0,0,1,0,1,0,31
boat_01b.jpg,0,0,0,0,0,1,0,0,0,0,0,0,0,1,0,0,0,1,0,1,0,27
boat_02s.jpg,0,0,0,0,0,1,0,0,0,0,0,0,0,1,0,0,0,1,0,1,0,27
boat_03s.jpg,0,0,0,0,0,1,0,0,0,0,0,0,0,1,0,0,0,1,0,1,0,27
boat_04s.jpg,0,0,0,0,0,1,0,0,0,0,0,0,0,1,0,0,0,1,0,1,0,27
boat_05s.jpg,0,0,0,0,0,1,0,0,0,0,0,0,0,1,0,0,0,1,0,1,0,27
boat_07n.jpg,0,0,0,0,0,1,0,0,0,0,0,0,0,1,0,0,0,1,0,1,0,27
boat_08s.jpg,0,0,0,0,0,1,0,0,0,0,0,0,0,1,0,0,0,1,0,1,0,27
boat_09s.jpg,0,0,0,0,0,1,0,0,0,0,0,0,0,1,0,0,0,1,0,1,0,27
boat_10s.jpg,0,0,0,0,0,1,0,0,0,0,0,0,0,1,0,0,0,1,0,1,0,27
boat_11n.jpg,0,0,0,0,0,1,0,0,0,0,0,0,0,1,0,0,0,1,0,1,0,27
bike_01b.jpg,0,0,0,0,0,1,0,0,0,0,0,0,0,1,0,0,0,1,0,1,0,24
bike_02s.jpg,0,0,0,0,0,1,0,0,0,0,0,0,0,1,0,0,0,1,0,1,0,24
bike_03s.jpg,0,0,0,0,0,1,0,0,0,0,0,0,0,1,0,0,0,1,0,1,0,24
bike_05s.jpg,0,0,0,0,0,1,0,0,0,0,0,0,0,1,0,0,0,1,0,1,0,24
bike_06s.jpg,0,0,0,0,0,1,0,0,0,0,0,0,0,1,0,0,0,1,0,1,0,24
bike_07s.jpg,0,0,0,0,0,1,0,0,0,0,0,0,0,1,0,0,0,1,0,1,0,24
bike_08s.jpg,0,0,0,0,0,1,0,0,0,0,0,0,0,1,0,0,0,1,0,1,0,24
bike_09s.jpg,0,0,0,0,0,1,0,0,0,0,0,0,0,1,0,0,0,1,0,1,0,24
bike_10s.jpg,0,0,0,0,0,1,0,0,0,0,0,0,0,1,0,0,0,1,0,1,0,24
bike_12n.jpg,0,0,0,0,0,1,0,0,0,0,0,0,0,1,0,0,0,1,0,1,0,24
traffic_light_01b.jpg,0,0,0,0,0,1,0,0,0,0,0,0,0,1,0,0,0,1,0,0,1,94
traffic_light_02s.jpg,0,0,0,0,0,1,0,0,0,0,0,0,0,1,0,0,0,1,0,0,1,94
traffic_light_04s.jpg,0,0,0,0,0,1,0,0,0,0,0,0,0,1,0,0,0,1,0,0,1,94
traffic_light_05s.jpg,0,0,0,0,0,1,0,0,0,0,0,0,0,1,0,0,0,1,0,0,1,94
traffic_light_06s.jpg,0,0,0,0,0,1,0,0,0,0,0,0,0,1,0,0,0,1,0,0,1,94
traffic_light_07s.jpg,0,0,0,0,0,1,0,0,0,0,0,0,0,1,0,0,0,1,0,0,1,94
traffic_light_09s.jpg,0,0,0,0,0,1,0,0,0,0,0,0,0,1,0,0,0,1,0,0,1,94
traffic_light_10s.jpg,0,0,0,0,0,1,0,0,0,0,0,0,0,1,0,0,0,1,0,0,1,94
traffic_light_11s.jpg,0,0,0,0,0,1,0,0,0,0,0,0,0,1,0,0,0,1,0,0,1,94
traffic_light_12s.jpg,0,0,0,0,0,1,0,0,0,0,0,0,0,1,0,0,0,1,0,0,1,94
tent_01b.jpg,0,0,0,0,0,1,0,0,0,0,0,0,0,1,0,0,0,1,0,0,1,92
tent_02s.jpg,0,0,0,0,0,1,0,0,0,0,0,0,0,1,0,0,0,1,0,0,1,92
tent_03s.jpg,0,0,0,0,0,1,0,0,0,0,0,0,0,1,0,0,0,1,0,0,1,92
tent_04s.jpg,0,0,0,0,0,1,0,0,0,0,0,0,0,1,0,0,0,1,0,0,1,92
tent_06s.jpg,0,0,0,0,0,1,0,0,0,0,0,0,0,1,0,0,0,1,0,0,1,92
tent_08n.jpg,0,0,0,0,0,1,0,0,0,0,0,0,0,1,0,0,0,1,0,0,1,92
tent_09n.jpg,0,0,0,0,0,1,0,0,0,0,0,0,0,1,0,0,0,1,0,0,1,92
tent_10n.jpg,0,0,0,0,0,1,0,0,0,0,0,0,0,1,0,0,0,1,0,0,1,92
tent_11s.jpg,0,0,0,0,0,1,0,0,0,0,0,0,0,1,0,0,0,1,0,0,1,92
tent_12s.jpg,0,0,0,0,0,1,0,0,0,0,0,0,0,1,0,0,0,1,0,0,1,92
ferris_wheel_01b.jpg,0,0,0,0,0,1,0,0,0,0,0,0,0,1,0,0,0,1,0,0,1,56
ferris_wheel_02s.jpg,0,0,0,0,0,1,0,0,0,0,0,0,0,1,0,0,0,1,0,0,1,56
ferris_wheel_03s.jpg,0,0,0,0,0,1,0,0,0,0,0,0,0,1,0,0,0,1,0,0,1,56
ferris_wheel_04s.jpg,0,0,0,0,0,1,0,0,0,0,0,0,0,1,0,0,0,1,0,0,1,56
ferris_wheel_06s.jpg,0,0,0,0,0,1,0,0,0,0,0,0,0,1,0,0,0,1,0,0,1,56
ferris_wheel_07s.jpg,0,0,0,0,0,1,0,0,0,0,0,0,0,1,0,0,0,1,0,0,1,56
ferris_wheel_08s.jpg,0,0,0,0,0,1,0,0,0,0,0,0,0,1,0,0,0,1,0,0,1,56
ferris_wheel_09s.jpg,0,0,0,0,0,1,0,0,0,0,0,0,0,1,0,0,0,1,0,0,1,56
ferris_wheel_10s.jpg,0,0,0,0,0,1,0,0,0,0,0,0,0,1,0,0,0,1,0,0,1,56
ferris_wheel_12s.jpg,0,0,0,0,0,1,0,0,0,0,0,0,0,1,0,0,0,1,0,0,1,56
doghouse_01b.jpg,0,0,0,0,0,1,0,0,0,0,0,0,0,1,0,0,0,1,0,0,1,49
doghouse_02s.jpg,0,0,0,0,0,1,0,0,0,0,0,0,0,1,0,0,0,1,0,0,1,49
doghouse_03s.jpg,0,0,0,0,0,1,0,0,0,0,0,0,0,1,0,0,0,1,0,0,1,49
doghouse_04s.jpg,0,0,0,0,0,1,0,0,0,0,0,0,0,1,0,0,0,1,0,0,1,49
doghouse_05s.jpg,0,0,0,0,0,1,0,0,0,0,0,0,0,1,0,0,0,1,0,0,1,49
doghouse_06s.jpg,0,0,0,0,0,1,0,0,0,0,0,0,0,1,0,0,0,1,0,0,1,49
doghouse_07s.jpg,0,0,0,0,0,1,0,0,0,0,0,0,0,1,0,0,0,1,0,0,1,49
doghouse_10s.jpg,0,0,0,0,0,1,0,0,0,0,0,0,0,1,0,0,0,1,0,0,1,49
doghouse_11s.jpg,0,0,0,0,0,1,0,0,0,0,0,0,0,1,0,0,0,1,0,0,1,49
doghouse_12s.jpg,0,0,0,0,0,1,0,0,0,0,0,0,0,1,0,0,0,1,0,0,1,49
